checking_status,duration_months,credit_history,purpose,credit_amount,savings_status,employment_since,installment_rate_pct,personal_status_sex,other_debtors,residence_since,property_magnitude,age,other_installment_plans,housing,existing_credits,job,num_dependents,own_telephone,foreign_worker,is_high_risk
menos_de_0_DM,6,cuenta_critica_otros_bancos,radio_tv,1169,desconocido_sin_cuenta_ahorro,7_anios_o_mas,4,hombre_soltero,ninguno,4,inmueble,67,ninguno,propia,2,empleado_cualificado,1,si,si,0
0_a_200_DM,48,pagados_hasta_ahora,radio_tv,5951,menos_de_100_DM,1_a_4_anios,2,mujer_divorciada_separada_casada,ninguno,2,inmueble,22,ninguno,propia,1,empleado_cualificado,1,no,si,1
sin_cuenta_corriente,12,cuenta_critica_otros_bancos,educacion,2096,menos_de_100_DM,4_a_7_anios,2,hombre_soltero,ninguno,3,inmueble,49,ninguno,propia,1,no_cualificado_residente,2,no,si,0
menos_de_0_DM,42,pagados_hasta_ahora,mobiliario,7882,menos_de_100_DM,4_a_7_anios,2,hombre_soltero,avalista,,seguro_vida_o_similar,45,ninguno,gratuita,1,empleado_cualificado,2,no,si,0
menos_de_0_DM,24,retraso_en_pagos_previos,coche_nuevo,4870,menos_de_100_DM,1_a_4_anios,3,hombre_soltero,ninguno,4,desconocido_sin_propiedad,53,ninguno,gratuita,2,empleado_cualificado,2,no,si,1
sin_cuenta_corriente,36,pagados_hasta_ahora,educacion,9055,desconocido_sin_cuenta_ahorro,1_a_4_anios,2,hombre_soltero,ninguno,4,desconocido_sin_propiedad,35,ninguno,gratuita,1,no_cualificado_residente,2,si,si,0
sin_cuenta_corriente,24,pagados_hasta_ahora,mobiliario,2835,500_a_1000_DM,7_anios_o_mas,3,hombre_soltero,ninguno,4,seguro_vida_o_similar,53,ninguno,propia,1,empleado_cualificado,1,no,si,0
0_a_200_DM,36,pagados_hasta_ahora,coche_usado,6948,menos_de_100_DM,1_a_4_anios,2,hombre_soltero,ninguno,2,coche_u_otro,35,ninguno,alquiler,1,directivo_autonomo_alta_cualificacion,1,si,si,0
sin_cuenta_corriente,12,pagados_hasta_ahora,radio_tv,3059,1000_DM_o_mas,4_a_7_anios,2,hombre_divorciado_separado,ninguno,4,inmueble,61,ninguno,propia,1,no_cualificado_residente,1,no,si,0
0_a_200_DM,30,cuenta_critica_otros_bancos,coche_nuevo,5234,menos_de_100_DM,desempleado,4,hombre_casado_viudo,ninguno,2,coche_u_otro,28,ninguno,propia,2,directivo_autonomo_alta_cualificacion,1,no,si,1
0_a_200_DM,12,pagados_hasta_ahora,coche_nuevo,1295,menos_de_100_DM,menos_de_1_anio,3,mujer_divorciada_separada_casada,ninguno,1,coche_u_otro,25,ninguno,alquiler,1,empleado_cualificado,1,no,si,1
menos_de_0_DM,48,pagados_hasta_ahora,negocio,4308,menos_de_100_DM,menos_de_1_anio,3,mujer_divorciada_separada_casada,ninguno,4,seguro_vida_o_similar,24,ninguno,alquiler,1,empleado_cualificado,1,no,si,1
0_a_200_DM,12,pagados_hasta_ahora,radio_tv,1567,menos_de_100_DM,1_a_4_anios,1,mujer_divorciada_separada_casada,ninguno,1,coche_u_otro,22,ninguno,propia,1,empleado_cualificado,1,si,si,0
menos_de_0_DM,24,cuenta_critica_otros_bancos,coche_nuevo,1199,menos_de_100_DM,7_anios_o_mas,4,,ninguno,4,coche_u_otro,60,ninguno,propia,2,no_cualificado_residente,1,no,si,1
menos_de_0_DM,15,pagados_hasta_ahora,coche_nuevo,1403,menos_de_100_DM,1_a_4_anios,2,mujer_divorciada_separada_casada,ninguno,4,coche_u_otro,28,ninguno,alquiler,1,empleado_cualificado,1,no,si,0
menos_de_0_DM,24,pagados_hasta_ahora,radio_tv,1282,100_a_500_DM,1_a_4_anios,4,mujer_divorciada_separada_casada,ninguno,2,coche_u_otro,32,ninguno,propia,1,no_cualificado_residente,1,no,si,1
sin_cuenta_corriente,24,cuenta_critica_otros_bancos,radio_tv,2424,desconocido_sin_cuenta_ahorro,7_anios_o_mas,4,hombre_soltero,ninguno,4,seguro_vida_o_similar,53,ninguno,propia,2,empleado_cualificado,1,no,si,0
menos_de_0_DM,30,sin_creditos_previos,negocio,8072,desconocido_sin_cuenta_ahorro,menos_de_1_anio,2,hombre_soltero,ninguno,3,coche_u_otro,25,banco,propia,3,empleado_cualificado,1,no,si,0
0_a_200_DM,24,pagados_hasta_ahora,coche_usado,12579,menos_de_100_DM,7_anios_o_mas,4,mujer_divorciada_separada_casada,ninguno,2,desconocido_sin_propiedad,44,ninguno,gratuita,1,directivo_autonomo_alta_cualificacion,1,si,si,1
sin_cuenta_corriente,24,pagados_hasta_ahora,radio_tv,3430,500_a_1000_DM,7_anios_o_mas,3,hombre_soltero,ninguno,2,coche_u_otro,31,ninguno,propia,1,empleado_cualificado,2,si,si,0
sin_cuenta_corriente,9,cuenta_critica_otros_bancos,coche_nuevo,2134,menos_de_100_DM,1_a_4_anios,4,hombre_soltero,ninguno,4,coche_u_otro,48,ninguno,propia,3,empleado_cualificado,1,si,si,0
menos_de_0_DM,6,pagados_hasta_ahora,radio_tv,2647,500_a_1000_DM,1_a_4_anios,2,hombre_soltero,ninguno,3,inmueble,44,ninguno,alquiler,1,empleado_cualificado,2,no,si,0
menos_de_0_DM,10,cuenta_critica_otros_bancos,coche_nuevo,2241,menos_de_100_DM,menos_de_1_anio,1,hombre_soltero,ninguno,3,inmueble,48,ninguno,alquiler,2,no_cualificado_residente,2,no,no,0
0_a_200_DM,12,cuenta_critica_otros_bancos,coche_usado,1804,100_a_500_DM,menos_de_1_anio,3,hombre_soltero,ninguno,4,seguro_vida_o_similar,,ninguno,propia,1,empleado_cualificado,1,no,si,0
sin_cuenta_corriente,10,cuenta_critica_otros_bancos,mobiliario,2069,desconocido_sin_cuenta_ahorro,1_a_4_anios,2,hombre_casado_viudo,ninguno,1,coche_u_otro,26,ninguno,propia,2,empleado_cualificado,1,no,no,0
menos_de_0_DM,6,pagados_hasta_ahora,mobiliario,1374,menos_de_100_DM,1_a_4_anios,1,hombre_soltero,ninguno,2,inmueble,36,banco,propia,1,no_cualificado_residente,1,si,si,0
sin_cuenta_corriente,6,sin_creditos_previos,radio_tv,426,menos_de_100_DM,7_anios_o_mas,4,hombre_casado_viudo,ninguno,4,coche_u_otro,39,ninguno,propia,1,no_cualificado_residente,1,no,si,0
200_DM_o_mas,12,todos_pagados_en_este_banco,radio_tv,409,1000_DM_o_mas,1_a_4_anios,3,mujer_divorciada_separada_casada,ninguno,3,inmueble,42,ninguno,alquiler,2,empleado_cualificado,1,no,si,0
0_a_200_DM,7,pagados_hasta_ahora,radio_tv,2415,menos_de_100_DM,1_a_4_anios,3,hombre_soltero,avalista,2,inmueble,34,ninguno,propia,1,empleado_cualificado,1,no,si,0
menos_de_0_DM,60,retraso_en_pagos_previos,negocio,6836,menos_de_100_DM,7_anios_o_mas,3,hombre_soltero,ninguno,4,desconocido_sin_propiedad,63,ninguno,propia,2,empleado_cualificado,1,si,si,1
0_a_200_DM,18,pagados_hasta_ahora,negocio,1913,1000_DM_o_mas,menos_de_1_anio,3,hombre_casado_viudo,ninguno,3,inmueble,36,banco,propia,1,empleado_cualificado,1,si,si,0
menos_de_0_DM,24,pagados_hasta_ahora,mobiliario,4020,menos_de_100_DM,1_a_4_anios,2,hombre_soltero,ninguno,2,coche_u_otro,27,tiendas,propia,1,empleado_cualificado,1,no,si,0
0_a_200_DM,18,pagados_hasta_ahora,coche_nuevo,5866,100_a_500_DM,1_a_4_anios,2,hombre_soltero,ninguno,2,coche_u_otro,30,ninguno,propia,2,empleado_cualificado,1,si,si,0
sin_cuenta_corriente,12,cuenta_critica_otros_bancos,negocio,1264,desconocido_sin_cuenta_ahorro,7_anios_o_mas,4,hombre_soltero,ninguno,4,desconocido_sin_propiedad,57,ninguno,alquiler,1,no_cualificado_residente,1,no,si,0
200_DM_o_mas,12,pagados_hasta_ahora,mobiliario,1474,menos_de_100_DM,menos_de_1_anio,4,mujer_divorciada_separada_casada,ninguno,1,seguro_vida_o_similar,33,banco,propia,1,directivo_autonomo_alta_cualificacion,1,si,si,0
0_a_200_DM,45,cuenta_critica_otros_bancos,radio_tv,4746,menos_de_100_DM,menos_de_1_anio,4,hombre_soltero,ninguno,2,seguro_vida_o_similar,25,ninguno,propia,2,no_cualificado_residente,1,no,si,1
sin_cuenta_corriente,48,cuenta_critica_otros_bancos,educacion,6110,menos_de_100_DM,1_a_4_anios,1,hombre_soltero,ninguno,3,desconocido_sin_propiedad,31,banco,gratuita,1,empleado_cualificado,1,si,si,0
200_DM_o_mas,18,pagados_hasta_ahora,radio_tv,2100,menos_de_100_DM,1_a_4_anios,4,hombre_soltero,codeudor,2,inmueble,37,tiendas,propia,1,empleado_cualificado,1,no,si,1
200_DM_o_mas,10,pagados_hasta_ahora,electrodomesticos,1225,menos_de_100_DM,1_a_4_anios,2,hombre_soltero,ninguno,2,coche_u_otro,37,ninguno,propia,1,empleado_cualificado,1,si,si,0
0_a_200_DM,9,pagados_hasta_ahora,radio_tv,458,menos_de_100_DM,1_a_4_anios,4,hombre_soltero,ninguno,3,inmueble,24,ninguno,propia,1,empleado_cualificado,1,no,si,0
sin_cuenta_corriente,30,pagados_hasta_ahora,radio_tv,2333,500_a_1000_DM,7_anios_o_mas,4,hombre_soltero,ninguno,2,coche_u_otro,30,banco,propia,1,directivo_autonomo_alta_cualificacion,1,no,si,0
0_a_200_DM,12,pagados_hasta_ahora,radio_tv,1158,500_a_1000_DM,1_a_4_anios,3,hombre_divorciado_separado,ninguno,1,coche_u_otro,26,ninguno,propia,1,empleado_cualificado,1,si,si,0
0_a_200_DM,18,retraso_en_pagos_previos,reparaciones,6204,menos_de_100_DM,1_a_4_anios,2,hombre_soltero,ninguno,4,inmueble,44,ninguno,propia,1,no_cualificado_residente,2,si,si,0
menos_de_0_DM,30,cuenta_critica_otros_bancos,coche_usado,6187,100_a_500_DM,4_a_7_anios,1,hombre_casado_viudo,ninguno,4,coche_u_otro,24,ninguno,alquiler,2,empleado_cualificado,1,no,si,0
menos_de_0_DM,48,cuenta_critica_otros_bancos,coche_usado,6143,menos_de_100_DM,7_anios_o_mas,4,mujer_divorciada_separada_casada,ninguno,4,desconocido_sin_propiedad,58,tiendas,gratuita,2,no_cualificado_residente,1,no,si,1
sin_cuenta_corriente,11,cuenta_critica_otros_bancos,coche_nuevo,1393,menos_de_100_DM,menos_de_1_anio,4,mujer_divorciada_separada_casada,ninguno,4,coche_u_otro,35,ninguno,propia,2,directivo_autonomo_alta_cualificacion,1,no,si,0
sin_cuenta_corriente,36,pagados_hasta_ahora,radio_tv,2299,500_a_1000_DM,7_anios_o_mas,4,hombre_soltero,ninguno,4,coche_u_otro,39,ninguno,propia,1,empleado_cualificado,1,no,si,0
menos_de_0_DM,6,pagados_hasta_ahora,coche_usado,1352,500_a_1000_DM,desempleado,1,mujer_divorciada_separada_casada,ninguno,2,seguro_vida_o_similar,23,ninguno,alquiler,1,no_cualificado_no_residente,1,si,si,0
sin_cuenta_corriente,11,cuenta_critica_otros_bancos,coche_nuevo,7228,menos_de_100_DM,1_a_4_anios,1,hombre_soltero,ninguno,4,seguro_vida_o_similar,39,ninguno,propia,2,no_cualificado_residente,1,no,si,0
sin_cuenta_corriente,12,pagados_hasta_ahora,radio_tv,2073,100_a_500_DM,1_a_4_anios,4,mujer_divorciada_separada_casada,codeudor,2,inmueble,28,ninguno,propia,1,empleado_cualificado,1,no,si,0
0_a_200_DM,24,retraso_en_pagos_previos,mobiliario,2333,desconocido_sin_cuenta_ahorro,menos_de_1_anio,4,hombre_soltero,ninguno,2,seguro_vida_o_similar,29,banco,propia,1,no_cualificado_residente,1,no,si,0
0_a_200_DM,27,retraso_en_pagos_previos,coche_usado,5965,menos_de_100_DM,7_anios_o_mas,1,hombre_soltero,ninguno,2,coche_u_otro,30,ninguno,propia,2,directivo_autonomo_alta_cualificacion,1,si,si,0
sin_cuenta_corriente,12,pagados_hasta_ahora,radio_tv,1262,menos_de_100_DM,1_a_4_anios,3,hombre_soltero,ninguno,2,coche_u_otro,25,ninguno,propia,1,empleado_cualificado,1,no,si,0
sin_cuenta_corriente,18,pagados_hasta_ahora,coche_usado,3378,desconocido_sin_cuenta_ahorro,1_a_4_anios,2,hombre_soltero,ninguno,1,seguro_vida_o_similar,31,ninguno,propia,1,empleado_cualificado,1,si,si,0
0_a_200_DM,36,retraso_en_pagos_previos,coche_nuevo,2225,menos_de_100_DM,7_anios_o_mas,4,hombre_soltero,ninguno,4,desconocido_sin_propiedad,57,banco,gratuita,2,empleado_cualificado,1,si,si,1
sin_cuenta_corriente,6,todos_pagados_en_este_banco,coche_nuevo,783,desconocido_sin_cuenta_ahorro,1_a_4_anios,1,hombre_soltero,avalista,2,inmueble,26,tiendas,propia,1,no_cualificado_residente,2,no,si,0
0_a_200_DM,12,pagados_hasta_ahora,radio_tv,6468,desconocido_sin_cuenta_ahorro,desempleado,2,hombre_soltero,ninguno,1,desconocido_sin_propiedad,52,ninguno,propia,1,directivo_autonomo_alta_cualificacion,1,si,si,1
sin_cuenta_corriente,36,cuenta_critica_otros_bancos,radio_tv,9566,menos_de_100_DM,1_a_4_anios,2,mujer_divorciada_separada_casada,ninguno,2,coche_u_otro,31,tiendas,propia,2,empleado_cualificado,1,no,si,0
200_DM_o_mas,18,pagados_hasta_ahora,coche_nuevo,1961,menos_de_100_DM,7_anios_o_mas,3,mujer_divorciada_separada_casada,ninguno,2,coche_u_otro,23,ninguno,propia,1,directivo_autonomo_alta_cualificacion,1,no,si,0
menos_de_0_DM,36,cuenta_critica_otros_bancos,mobiliario,6229,menos_de_100_DM,menos_de_1_anio,4,mujer_divorciada_separada_casada,codeudor,4,desconocido_sin_propiedad,23,ninguno,alquiler,2,no_cualificado_residente,1,si,si,1
0_a_200_DM,9,pagados_hasta_ahora,negocio,1391,menos_de_100_DM,1_a_4_anios,2,hombre_casado_viudo,ninguno,1,inmueble,27,banco,propia,1,empleado_cualificado,1,si,si,0
0_a_200_DM,15,cuenta_critica_otros_bancos,radio_tv,1537,desconocido_sin_cuenta_ahorro,7_anios_o_mas,4,hombre_soltero,avalista,4,inmueble,50,ninguno,propia,2,empleado_cualificado,1,si,si,0
0_a_200_DM,36,sin_creditos_previos,negocio,1953,menos_de_100_DM,7_anios_o_mas,4,hombre_soltero,ninguno,4,desconocido_sin_propiedad,61,ninguno,gratuita,1,directivo_autonomo_alta_cualificacion,1,si,si,1
0_a_200_DM,48,sin_creditos_previos,negocio,14421,menos_de_100_DM,1_a_4_anios,2,hombre_soltero,ninguno,2,coche_u_otro,25,ninguno,propia,1,empleado_cualificado,1,si,si,1
sin_cuenta_corriente,24,pagados_hasta_ahora,radio_tv,3181,menos_de_100_DM,menos_de_1_anio,4,mujer_divorciada_separada_casada,ninguno,4,seguro_vida_o_similar,26,ninguno,propia,1,empleado_cualificado,1,si,si,0
sin_cuenta_corriente,27,pagados_hasta_ahora,reparaciones,5190,desconocido_sin_cuenta_ahorro,7_anios_o_mas,4,hombre_soltero,ninguno,4,seguro_vida_o_similar,48,ninguno,propia,4,empleado_cualificado,2,si,si,0
sin_cuenta_corriente,12,pagados_hasta_ahora,radio_tv,2171,menos_de_100_DM,menos_de_1_anio,2,mujer_divorciada_separada_casada,ninguno,2,coche_u_otro,29,banco,propia,1,empleado_cualificado,1,no,si,0
0_a_200_DM,12,pagados_hasta_ahora,coche_nuevo,1007,1000_DM_o_mas,1_a_4_anios,4,hombre_casado_viudo,ninguno,1,inmueble,22,ninguno,propia,1,empleado_cualificado,1,no,si,0
sin_cuenta_corriente,36,pagados_hasta_ahora,educacion,1819,menos_de_100_DM,1_a_4_anios,4,hombre_soltero,ninguno,4,desconocido_sin_propiedad,37,tiendas,gratuita,1,empleado_cualificado,1,si,si,1
sin_cuenta_corriente,36,pagados_hasta_ahora,radio_tv,2394,desconocido_sin_cuenta_ahorro,1_a_4_anios,4,mujer_divorciada_separada_casada,ninguno,4,coche_u_otro,25,ninguno,propia,1,empleado_cualificado,1,no,si,0
sin_cuenta_corriente,36,pagados_hasta_ahora,coche_usado,8133,menos_de_100_DM,1_a_4_anios,1,mujer_divorciada_separada_casada,ninguno,2,seguro_vida_o_similar,30,banco,propia,1,empleado_cualificado,1,no,si,0
sin_cuenta_corriente,7,cuenta_critica_otros_bancos,radio_tv,730,desconocido_sin_cuenta_ahorro,7_anios_o_mas,4,hombre_soltero,ninguno,2,seguro_vida_o_similar,46,ninguno,alquiler,2,no_cualificado_residente,1,si,si,0
menos_de_0_DM,8,cuenta_critica_otros_bancos,otros,1164,menos_de_100_DM,7_anios_o_mas,3,hombre_soltero,ninguno,4,desconocido_sin_propiedad,51,banco,gratuita,2,directivo_autonomo_alta_cualificacion,2,si,si,0
0_a_200_DM,42,cuenta_critica_otros_bancos,negocio,5954,menos_de_100_DM,4_a_7_anios,2,mujer_divorciada_separada_casada,ninguno,1,inmueble,41,banco,propia,2,no_cualificado_residente,1,no,si,0
menos_de_0_DM,36,pagados_hasta_ahora,educacion,1977,desconocido_sin_cuenta_ahorro,7_anios_o_mas,4,hombre_soltero,ninguno,4,desconocido_sin_propiedad,40,ninguno,propia,1,directivo_autonomo_alta_cualificacion,1,si,si,1
menos_de_0_DM,12,cuenta_critica_otros_bancos,coche_usado,1526,menos_de_100_DM,7_anios_o_mas,4,hombre_soltero,ninguno,4,desconocido_sin_propiedad,66,ninguno,gratuita,2,directivo_autonomo_alta_cualificacion,1,no,si,0
menos_de_0_DM,42,pagados_hasta_ahora,radio_tv,3965,menos_de_100_DM,menos_de_1_anio,4,hombre_soltero,ninguno,3,coche_u_otro,34,ninguno,propia,1,empleado_cualificado,1,no,si,1
0_a_200_DM,11,retraso_en_pagos_previos,radio_tv,4771,menos_de_100_DM,4_a_7_anios,2,hombre_soltero,ninguno,4,seguro_vida_o_similar,51,ninguno,propia,1,empleado_cualificado,1,no,si,0
sin_cuenta_corriente,54,sin_creditos_previos,coche_usado,9436,desconocido_sin_cuenta_ahorro,1_a_4_anios,2,hombre_soltero,ninguno,2,seguro_vida_o_similar,39,ninguno,propia,1,no_cualificado_residente,2,no,si,0
0_a_200_DM,30,pagados_hasta_ahora,mobiliario,3832,menos_de_100_DM,menos_de_1_anio,2,hombre_casado_viudo,ninguno,1,seguro_vida_o_similar,22,ninguno,propia,1,empleado_cualificado,1,no,si,0
sin_cuenta_corriente,24,pagados_hasta_ahora,radio_tv,5943,desconocido_sin_cuenta_ahorro,menos_de_1_anio,1,mujer_divorciada_separada_casada,ninguno,1,coche_u_otro,44,ninguno,propia,2,empleado_cualificado,1,si,si,1
sin_cuenta_corriente,15,pagados_hasta_ahora,radio_tv,1213,500_a_1000_DM,7_anios_o_mas,4,hombre_soltero,ninguno,3,seguro_vida_o_similar,47,tiendas,propia,1,empleado_cualificado,1,si,si,0
sin_cuenta_corriente,18,pagados_hasta_ahora,negocio,1568,100_a_500_DM,1_a_4_anios,3,mujer_divorciada_separada_casada,ninguno,4,seguro_vida_o_similar,24,ninguno,alquiler,1,no_cualificado_residente,1,no,si,0
menos_de_0_DM,24,pagados_hasta_ahora,otros,1755,menos_de_100_DM,7_anios_o_mas,4,mujer_divorciada_separada_casada,avalista,4,inmueble,58,ninguno,propia,1,no_cualificado_residente,1,si,si,0
menos_de_0_DM,10,pagados_hasta_ahora,radio_tv,2315,menos_de_100_DM,7_anios_o_mas,3,hombre_soltero,ninguno,4,inmueble,52,ninguno,propia,1,no_cualificado_residente,1,no,si,0
sin_cuenta_corriente,12,cuenta_critica_otros_bancos,negocio,1412,menos_de_100_DM,1_a_4_anios,4,mujer_divorciada_separada_casada,avalista,2,inmueble,29,ninguno,propia,2,directivo_autonomo_alta_cualificacion,1,si,si,0
0_a_200_DM,18,cuenta_critica_otros_bancos,mobiliario,1295,menos_de_100_DM,menos_de_1_anio,4,mujer_divorciada_separada_casada,ninguno,1,seguro_vida_o_similar,27,ninguno,propia,2,empleado_cualificado,1,no,si,0
0_a_200_DM,36,pagados_hasta_ahora,educacion,12612,100_a_500_DM,1_a_4_anios,1,hombre_soltero,ninguno,4,desconocido_sin_propiedad,47,ninguno,gratuita,1,empleado_cualificado,2,si,si,1
menos_de_0_DM,18,pagados_hasta_ahora,coche_nuevo,2249,100_a_500_DM,4_a_7_anios,4,hombre_soltero,ninguno,3,coche_u_otro,30,ninguno,propia,1,directivo_autonomo_alta_cualificacion,2,si,si,0
menos_de_0_DM,12,sin_creditos_previos,reparaciones,1108,menos_de_100_DM,4_a_7_anios,4,hombre_soltero,ninguno,3,inmueble,28,ninguno,propia,2,empleado_cualificado,1,no,si,1
sin_cuenta_corriente,12,cuenta_critica_otros_bancos,radio_tv,618,menos_de_100_DM,7_anios_o_mas,4,hombre_soltero,ninguno,4,inmueble,56,ninguno,propia,1,empleado_cualificado,1,no,si,0
menos_de_0_DM,12,cuenta_critica_otros_bancos,coche_usado,1409,menos_de_100_DM,7_anios_o_mas,4,hombre_soltero,ninguno,3,inmueble,54,ninguno,propia,1,empleado_cualificado,1,no,si,0
sin_cuenta_corriente,12,cuenta_critica_otros_bancos,radio_tv,797,desconocido_sin_cuenta_ahorro,7_anios_o_mas,4,mujer_divorciada_separada_casada,ninguno,3,seguro_vida_o_similar,33,banco,propia,1,no_cualificado_residente,2,no,si,1
200_DM_o_mas,24,cuenta_critica_otros_bancos,mobiliario,3617,desconocido_sin_cuenta_ahorro,7_anios_o_mas,4,hombre_soltero,codeudor,4,desconocido_sin_propiedad,20,ninguno,alquiler,2,empleado_cualificado,1,no,si,0
0_a_200_DM,12,pagados_hasta_ahora,coche_nuevo,1318,1000_DM_o_mas,7_anios_o_mas,4,hombre_soltero,ninguno,4,inmueble,54,ninguno,propia,1,empleado_cualificado,1,si,si,0
0_a_200_DM,54,sin_creditos_previos,negocio,15945,menos_de_100_DM,menos_de_1_anio,3,hombre_soltero,ninguno,4,desconocido_sin_propiedad,58,ninguno,alquiler,1,empleado_cualificado,1,si,si,1
sin_cuenta_corriente,12,cuenta_critica_otros_bancos,educacion,2012,desconocido_sin_cuenta_ahorro,4_a_7_anios,4,mujer_divorciada_separada_casada,ninguno,2,coche_u_otro,61,ninguno,propia,1,empleado_cualificado,1,no,si,0
0_a_200_DM,18,pagados_hasta_ahora,negocio,2622,100_a_500_DM,1_a_4_anios,4,hombre_soltero,ninguno,4,coche_u_otro,34,ninguno,propia,1,empleado_cualificado,1,no,si,0
0_a_200_DM,36,cuenta_critica_otros_bancos,radio_tv,2337,menos_de_100_DM,7_anios_o_mas,4,hombre_soltero,ninguno,4,inmueble,36,ninguno,propia,1,empleado_cualificado,1,no,si,0
0_a_200_DM,20,retraso_en_pagos_previos,coche_usado,7057,desconocido_sin_cuenta_ahorro,4_a_7_anios,3,hombre_soltero,ninguno,4,seguro_vida_o_similar,36,banco,alquiler,2,directivo_autonomo_alta_cualificacion,2,si,si,0
sin_cuenta_corriente,24,pagados_hasta_ahora,coche_nuevo,1469,100_a_500_DM,7_anios_o_mas,4,hombre_casado_viudo,ninguno,4,inmueble,41,ninguno,alquiler,1,no_cualificado_residente,1,no,si,0
0_a_200_DM,36,pagados_hasta_ahora,radio_tv,2323,menos_de_100_DM,4_a_7_anios,4,hombre_soltero,ninguno,4,coche_u_otro,24,ninguno,alquiler,1,empleado_cualificado,1,no,si,0
sin_cuenta_corriente,6,retraso_en_pagos_previos,radio_tv,932,menos_de_100_DM,1_a_4_anios,3,mujer_divorciada_separada_casada,ninguno,2,inmueble,24,ninguno,propia,1,empleado_cualificado,1,no,si,0
0_a_200_DM,9,cuenta_critica_otros_bancos,mobiliario,1919,menos_de_100_DM,4_a_7_anios,4,hombre_soltero,ninguno,3,coche_u_otro,35,ninguno,alquiler,1,empleado_cualificado,1,si,si,0
sin_cuenta_corriente,12,pagados_hasta_ahora,coche_usado,2445,desconocido_sin_cuenta_ahorro,menos_de_1_anio,2,hombre_casado_viudo,ninguno,4,coche_u_otro,26,ninguno,alquiler,1,empleado_cualificado,1,si,si,0
0_a_200_DM,24,cuenta_critica_otros_bancos,otros,11938,menos_de_100_DM,1_a_4_anios,2,hombre_soltero,codeudor,3,coche_u_otro,39,ninguno,propia,2,directivo_autonomo_alta_cualificacion,2,si,si,1
sin_cuenta_corriente,18,todos_pagados_en_este_banco,coche_nuevo,6458,menos_de_100_DM,7_anios_o_mas,2,hombre_soltero,ninguno,4,desconocido_sin_propiedad,39,banco,propia,2,directivo_autonomo_alta_cualificacion,2,si,si,1
0_a_200_DM,12,pagados_hasta_ahora,coche_nuevo,6078,menos_de_100_DM,4_a_7_anios,2,hombre_soltero,ninguno,2,coche_u_otro,32,ninguno,propia,1,empleado_cualificado,1,no,si,0
menos_de_0_DM,24,pagados_hasta_ahora,mobiliario,7721,desconocido_sin_cuenta_ahorro,menos_de_1_anio,1,mujer_divorciada_separada_casada,ninguno,2,seguro_vida_o_similar,30,ninguno,propia,1,empleado_cualificado,1,si,no,0
0_a_200_DM,14,pagados_hasta_ahora,negocio,1410,500_a_1000_DM,7_anios_o_mas,1,hombre_casado_viudo,ninguno,2,inmueble,35,ninguno,propia,1,empleado_cualificado,1,si,si,0
0_a_200_DM,6,retraso_en_pagos_previos,negocio,1449,100_a_500_DM,7_anios_o_mas,1,hombre_divorciado_separado,ninguno,2,coche_u_otro,31,banco,propia,2,empleado_cualificado,2,no,si,0
200_DM_o_mas,15,pagados_hasta_ahora,educacion,392,menos_de_100_DM,menos_de_1_anio,4,mujer_divorciada_separada_casada,ninguno,4,seguro_vida_o_similar,23,ninguno,alquiler,1,empleado_cualificado,1,si,si,0
0_a_200_DM,18,pagados_hasta_ahora,coche_nuevo,6260,menos_de_100_DM,4_a_7_anios,3,hombre_soltero,ninguno,3,inmueble,28,ninguno,alquiler,1,no_cualificado_residente,1,no,si,0
sin_cuenta_corriente,36,cuenta_critica_otros_bancos,coche_nuevo,7855,menos_de_100_DM,1_a_4_anios,4,mujer_divorciada_separada_casada,ninguno,2,inmueble,25,tiendas,propia,2,empleado_cualificado,1,si,si,1
menos_de_0_DM,12,pagados_hasta_ahora,radio_tv,1680,500_a_1000_DM,7_anios_o_mas,3,hombre_casado_viudo,ninguno,1,inmueble,35,ninguno,propia,1,empleado_cualificado,1,no,si,0
sin_cuenta_corriente,48,cuenta_critica_otros_bancos,radio_tv,3578,desconocido_sin_cuenta_ahorro,7_anios_o_mas,4,hombre_soltero,ninguno,1,inmueble,47,ninguno,propia,1,empleado_cualificado,1,si,si,0
menos_de_0_DM,42,pagados_hasta_ahora,radio_tv,7174,desconocido_sin_cuenta_ahorro,4_a_7_anios,4,mujer_divorciada_separada_casada,ninguno,3,coche_u_otro,30,ninguno,propia,1,directivo_autonomo_alta_cualificacion,1,si,si,1
menos_de_0_DM,10,cuenta_critica_otros_bancos,mobiliario,2132,desconocido_sin_cuenta_ahorro,menos_de_1_anio,2,mujer_divorciada_separada_casada,codeudor,3,inmueble,27,ninguno,alquiler,2,empleado_cualificado,1,no,no,0
menos_de_0_DM,33,cuenta_critica_otros_bancos,mobiliario,4281,500_a_1000_DM,1_a_4_anios,1,mujer_divorciada_separada_casada,ninguno,4,coche_u_otro,23,ninguno,propia,2,empleado_cualificado,1,no,si,1
0_a_200_DM,12,cuenta_critica_otros_bancos,coche_nuevo,2366,500_a_1000_DM,4_a_7_anios,3,hombre_divorciado_separado,ninguno,3,coche_u_otro,36,ninguno,propia,1,directivo_autonomo_alta_cualificacion,1,si,si,0
menos_de_0_DM,21,pagados_hasta_ahora,radio_tv,1835,menos_de_100_DM,1_a_4_anios,3,mujer_divorciada_separada_casada,ninguno,2,inmueble,25,ninguno,propia,2,empleado_cualificado,1,si,si,1
sin_cuenta_corriente,24,cuenta_critica_otros_bancos,coche_usado,3868,menos_de_100_DM,7_anios_o_mas,4,mujer_divorciada_separada_casada,ninguno,2,coche_u_otro,41,ninguno,alquiler,2,directivo_autonomo_alta_cualificacion,1,si,si,0
sin_cuenta_corriente,12,pagados_hasta_ahora,mobiliario,1768,menos_de_100_DM,1_a_4_anios,3,hombre_soltero,ninguno,2,inmueble,24,ninguno,alquiler,1,no_cualificado_residente,1,no,si,0
200_DM_o_mas,10,cuenta_critica_otros_bancos,coche_nuevo,781,menos_de_100_DM,7_anios_o_mas,4,hombre_soltero,ninguno,4,desconocido_sin_propiedad,63,ninguno,gratuita,2,empleado_cualificado,1,si,si,0
0_a_200_DM,18,pagados_hasta_ahora,mobiliario,1924,desconocido_sin_cuenta_ahorro,menos_de_1_anio,4,mujer_divorciada_separada_casada,ninguno,3,inmueble,27,ninguno,alquiler,1,empleado_cualificado,1,no,si,1
menos_de_0_DM,12,cuenta_critica_otros_bancos,coche_nuevo,2121,menos_de_100_DM,1_a_4_anios,4,hombre_soltero,ninguno,2,seguro_vida_o_similar,30,ninguno,propia,2,empleado_cualificado,1,no,si,0
menos_de_0_DM,12,pagados_hasta_ahora,radio_tv,701,menos_de_100_DM,1_a_4_anios,4,hombre_casado_viudo,ninguno,2,inmueble,40,ninguno,propia,1,no_cualificado_residente,1,no,si,0
0_a_200_DM,12,pagados_hasta_ahora,reparaciones,639,menos_de_100_DM,1_a_4_anios,4,hombre_soltero,ninguno,2,coche_u_otro,30,ninguno,propia,1,empleado_cualificado,1,no,si,1
0_a_200_DM,12,cuenta_critica_otros_bancos,coche_usado,1860,menos_de_100_DM,desempleado,4,hombre_soltero,ninguno,2,coche_u_otro,34,ninguno,propia,2,directivo_autonomo_alta_cualificacion,1,si,si,0
menos_de_0_DM,12,cuenta_critica_otros_bancos,coche_nuevo,3499,menos_de_100_DM,1_a_4_anios,3,mujer_divorciada_separada_casada,codeudor,2,inmueble,29,ninguno,propia,2,empleado_cualificado,1,no,si,1
0_a_200_DM,48,pagados_hasta_ahora,coche_nuevo,8487,desconocido_sin_cuenta_ahorro,4_a_7_anios,1,mujer_divorciada_separada_casada,ninguno,2,coche_u_otro,24,ninguno,propia,1,empleado_cualificado,1,no,si,0
menos_de_0_DM,36,retraso_en_pagos_previos,educacion,6887,menos_de_100_DM,1_a_4_anios,4,hombre_soltero,ninguno,3,seguro_vida_o_similar,29,tiendas,propia,1,empleado_cualificado,1,si,si,1
sin_cuenta_corriente,15,pagados_hasta_ahora,mobiliario,2708,menos_de_100_DM,menos_de_1_anio,2,hombre_soltero,ninguno,3,seguro_vida_o_similar,27,banco,propia,2,no_cualificado_residente,1,no,si,0
sin_cuenta_corriente,18,pagados_hasta_ahora,mobiliario,1984,menos_de_100_DM,1_a_4_anios,4,hombre_soltero,ninguno,4,desconocido_sin_propiedad,47,banco,gratuita,2,empleado_cualificado,1,no,si,0
sin_cuenta_corriente,60,pagados_hasta_ahora,radio_tv,10144,100_a_500_DM,4_a_7_anios,2,mujer_divorciada_separada_casada,ninguno,4,inmueble,21,ninguno,propia,1,empleado_cualificado,1,si,si,0
sin_cuenta_corriente,12,cuenta_critica_otros_bancos,radio_tv,1240,desconocido_sin_cuenta_ahorro,7_anios_o_mas,4,mujer_divorciada_separada_casada,ninguno,2,inmueble,38,ninguno,propia,2,empleado_cualificado,1,si,si,0
sin_cuenta_corriente,27,retraso_en_pagos_previos,coche_usado,8613,1000_DM_o_mas,1_a_4_anios,2,hombre_soltero,ninguno,2,coche_u_otro,27,ninguno,propia,2,empleado_cualificado,1,no,si,0
0_a_200_DM,12,pagados_hasta_ahora,radio_tv,766,500_a_1000_DM,1_a_4_anios,4,hombre_soltero,ninguno,3,inmueble,66,ninguno,propia,1,no_cualificado_residente,1,no,si,1
0_a_200_DM,15,cuenta_critica_otros_bancos,radio_tv,2728,desconocido_sin_cuenta_ahorro,4_a_7_anios,4,hombre_soltero,avalista,2,inmueble,35,banco,propia,3,empleado_cualificado,1,si,si,0
200_DM_o_mas,12,pagados_hasta_ahora,radio_tv,1881,menos_de_100_DM,1_a_4_anios,2,mujer_divorciada_separada_casada,ninguno,2,coche_u_otro,44,ninguno,alquiler,1,no_cualificado_residente,1,si,si,0
200_DM_o_mas,6,pagados_hasta_ahora,coche_nuevo,709,1000_DM_o_mas,menos_de_1_anio,2,hombre_casado_viudo,ninguno,2,inmueble,27,ninguno,propia,1,no_cualificado_no_residente,1,no,no,0
0_a_200_DM,36,pagados_hasta_ahora,radio_tv,4795,menos_de_100_DM,menos_de_1_anio,4,mujer_divorciada_separada_casada,ninguno,1,desconocido_sin_propiedad,30,ninguno,propia,1,directivo_autonomo_alta_cualificacion,1,si,si,0
menos_de_0_DM,27,pagados_hasta_ahora,radio_tv,3416,menos_de_100_DM,1_a_4_anios,3,hombre_soltero,ninguno,2,coche_u_otro,27,ninguno,propia,1,directivo_autonomo_alta_cualificacion,1,no,si,0
menos_de_0_DM,18,pagados_hasta_ahora,mobiliario,2462,menos_de_100_DM,1_a_4_anios,2,hombre_soltero,ninguno,2,coche_u_otro,22,ninguno,propia,1,empleado_cualificado,1,no,si,1
sin_cuenta_corriente,21,cuenta_critica_otros_bancos,mobiliario,2288,menos_de_100_DM,menos_de_1_anio,4,mujer_divorciada_separada_casada,ninguno,4,seguro_vida_o_similar,23,ninguno,propia,1,empleado_cualificado,1,si,si,0
0_a_200_DM,48,todos_pagados_en_este_banco,negocio,3566,100_a_500_DM,4_a_7_anios,4,hombre_soltero,ninguno,2,coche_u_otro,30,ninguno,propia,1,empleado_cualificado,1,no,si,0
menos_de_0_DM,6,cuenta_critica_otros_bancos,coche_nuevo,860,menos_de_100_DM,7_anios_o_mas,1,mujer_divorciada_separada_casada,ninguno,4,desconocido_sin_propiedad,39,ninguno,propia,2,empleado_cualificado,1,si,si,0
sin_cuenta_corriente,12,cuenta_critica_otros_bancos,coche_nuevo,682,100_a_500_DM,4_a_7_anios,4,mujer_divorciada_separada_casada,ninguno,3,coche_u_otro,51,ninguno,propia,2,empleado_cualificado,1,si,si,0
menos_de_0_DM,36,cuenta_critica_otros_bancos,mobiliario,5371,menos_de_100_DM,1_a_4_anios,3,hombre_soltero,avalista,2,seguro_vida_o_similar,28,ninguno,propia,2,empleado_cualificado,1,no,si,0
sin_cuenta_corriente,18,cuenta_critica_otros_bancos,radio_tv,1582,1000_DM_o_mas,7_anios_o_mas,4,hombre_soltero,ninguno,4,coche_u_otro,46,ninguno,propia,2,empleado_cualificado,1,no,si,0
sin_cuenta_corriente,6,pagados_hasta_ahora,radio_tv,1346,100_a_500_DM,7_anios_o_mas,2,hombre_soltero,ninguno,4,desconocido_sin_propiedad,42,banco,gratuita,1,empleado_cualificado,2,si,si,0
sin_cuenta_corriente,10,pagados_hasta_ahora,radio_tv,1924,menos_de_100_DM,1_a_4_anios,1,hombre_soltero,ninguno,4,seguro_vida_o_similar,38,ninguno,propia,1,empleado_cualificado,1,si,no,0
200_DM_o_mas,36,pagados_hasta_ahora,radio_tv,5848,menos_de_100_DM,1_a_4_anios,4,hombre_soltero,ninguno,1,coche_u_otro,24,ninguno,propia,1,empleado_cualificado,1,no,si,0
0_a_200_DM,24,cuenta_critica_otros_bancos,coche_usado,7758,1000_DM_o_mas,7_anios_o_mas,2,mujer_divorciada_separada_casada,ninguno,4,desconocido_sin_propiedad,29,ninguno,alquiler,1,empleado_cualificado,1,no,si,0
0_a_200_DM,24,retraso_en_pagos_previos,negocio,6967,100_a_500_DM,4_a_7_anios,4,hombre_soltero,ninguno,4,coche_u_otro,36,ninguno,alquiler,1,directivo_autonomo_alta_cualificacion,1,si,si,0
menos_de_0_DM,12,pagados_hasta_ahora,mobiliario,1282,menos_de_100_DM,1_a_4_anios,2,mujer_divorciada_separada_casada,ninguno,4,coche_u_otro,20,ninguno,alquiler,1,empleado_cualificado,1,no,si,1
menos_de_0_DM,9,cuenta_critica_otros_bancos,reparaciones,1288,100_a_500_DM,7_anios_o_mas,3,hombre_soltero,avalista,4,inmueble,48,ninguno,propia,2,empleado_cualificado,2,no,no,0
menos_de_0_DM,12,todos_pagados_en_este_banco,reciclaje_profesional,339,menos_de_100_DM,7_anios_o_mas,4,hombre_casado_viudo,ninguno,1,coche_u_otro,45,banco,propia,1,no_cualificado_residente,1,no,si,0
0_a_200_DM,24,pagados_hasta_ahora,coche_nuevo,3512,100_a_500_DM,4_a_7_anios,2,hombre_soltero,ninguno,3,coche_u_otro,38,banco,propia,2,empleado_cualificado,1,si,si,0
sin_cuenta_corriente,6,cuenta_critica_otros_bancos,radio_tv,1898,desconocido_sin_cuenta_ahorro,1_a_4_anios,1,hombre_soltero,ninguno,2,inmueble,34,ninguno,propia,2,no_cualificado_residente,2,no,si,0
sin_cuenta_corriente,24,cuenta_critica_otros_bancos,radio_tv,2872,100_a_500_DM,7_anios_o_mas,3,hombre_soltero,ninguno,4,inmueble,36,ninguno,propia,1,empleado_cualificado,2,si,si,0
sin_cuenta_corriente,18,cuenta_critica_otros_bancos,coche_nuevo,1055,menos_de_100_DM,menos_de_1_anio,4,mujer_divorciada_separada_casada,ninguno,1,seguro_vida_o_similar,30,ninguno,propia,2,empleado_cualificado,1,no,si,0
sin_cuenta_corriente,15,pagados_hasta_ahora,electrodomesticos,1262,500_a_1000_DM,4_a_7_anios,4,hombre_soltero,ninguno,3,seguro_vida_o_similar,36,ninguno,propia,2,empleado_cualificado,1,si,si,0
0_a_200_DM,10,pagados_hasta_ahora,coche_nuevo,7308,menos_de_100_DM,desempleado,2,hombre_soltero,ninguno,4,desconocido_sin_propiedad,70,banco,gratuita,1,directivo_autonomo_alta_cualificacion,1,si,si,0
sin_cuenta_corriente,36,pagados_hasta_ahora,coche_nuevo,909,500_a_1000_DM,7_anios_o_mas,4,hombre_soltero,ninguno,4,seguro_vida_o_similar,36,ninguno,propia,1,empleado_cualificado,1,no,si,0
sin_cuenta_corriente,6,pagados_hasta_ahora,mobiliario,2978,500_a_1000_DM,1_a_4_anios,1,hombre_soltero,ninguno,2,coche_u_otro,32,ninguno,propia,1,empleado_cualificado,1,si,si,0
menos_de_0_DM,18,pagados_hasta_ahora,mobiliario,1131,menos_de_100_DM,desempleado,4,mujer_divorciada_separada_casada,ninguno,2,coche_u_otro,33,ninguno,propia,1,empleado_cualificado,1,no,si,1
0_a_200_DM,11,pagados_hasta_ahora,mobiliario,1577,1000_DM_o_mas,menos_de_1_anio,4,mujer_divorciada_separada_casada,ninguno,1,inmueble,20,ninguno,propia,1,empleado_cualificado,1,no,si,0
sin_cuenta_corriente,24,pagados_hasta_ahora,mobiliario,3972,menos_de_100_DM,4_a_7_anios,2,mujer_divorciada_separada_casada,ninguno,4,seguro_vida_o_similar,25,ninguno,alquiler,1,empleado_cualificado,1,si,si,0
0_a_200_DM,24,cuenta_critica_otros_bancos,negocio,1935,menos_de_100_DM,7_anios_o_mas,4,hombre_divorciado_separado,ninguno,4,inmueble,31,ninguno,propia,2,empleado_cualificado,1,si,si,1
menos_de_0_DM,15,sin_creditos_previos,coche_nuevo,950,menos_de_100_DM,7_anios_o_mas,4,hombre_soltero,ninguno,3,coche_u_otro,33,ninguno,alquiler,2,empleado_cualificado,2,no,si,1
sin_cuenta_corriente,12,pagados_hasta_ahora,mobiliario,763,menos_de_100_DM,1_a_4_anios,4,mujer_divorciada_separada_casada,ninguno,1,inmueble,26,ninguno,propia,1,empleado_cualificado,1,si,si,0
0_a_200_DM,24,retraso_en_pagos_previos,mobiliario,2064,menos_de_100_DM,desempleado,3,mujer_divorciada_separada_casada,ninguno,2,seguro_vida_o_similar,34,ninguno,propia,1,directivo_autonomo_alta_cualificacion,1,si,si,1
0_a_200_DM,8,pagados_hasta_ahora,radio_tv,1414,menos_de_100_DM,1_a_4_anios,4,hombre_soltero,avalista,2,inmueble,33,ninguno,propia,1,empleado_cualificado,1,no,no,0
menos_de_0_DM,21,retraso_en_pagos_previos,educacion,3414,menos_de_100_DM,menos_de_1_anio,2,hombre_soltero,ninguno,1,seguro_vida_o_similar,26,ninguno,propia,2,empleado_cualificado,1,no,si,1
sin_cuenta_corriente,30,todos_pagados_en_este_banco,coche_usado,7485,desconocido_sin_cuenta_ahorro,desempleado,4,mujer_divorciada_separada_casada,ninguno,1,inmueble,53,banco,propia,1,directivo_autonomo_alta_cualificacion,1,si,si,1
menos_de_0_DM,12,pagados_hasta_ahora,mobiliario,2577,menos_de_100_DM,1_a_4_anios,2,hombre_divorciado_separado,ninguno,1,coche_u_otro,42,ninguno,propia,1,empleado_cualificado,1,no,si,0
menos_de_0_DM,6,cuenta_critica_otros_bancos,radio_tv,338,500_a_1000_DM,7_anios_o_mas,4,hombre_soltero,ninguno,4,coche_u_otro,52,ninguno,propia,2,empleado_cualificado,1,no,si,0
sin_cuenta_corriente,12,pagados_hasta_ahora,radio_tv,1963,menos_de_100_DM,4_a_7_anios,4,hombre_soltero,ninguno,2,coche_u_otro,31,ninguno,alquiler,2,directivo_autonomo_alta_cualificacion,2,si,si,0
menos_de_0_DM,21,cuenta_critica_otros_bancos,coche_nuevo,571,menos_de_100_DM,7_anios_o_mas,4,hombre_soltero,ninguno,4,inmueble,65,ninguno,propia,2,empleado_cualificado,1,no,si,0
sin_cuenta_corriente,36,retraso_en_pagos_previos,negocio,9572,menos_de_100_DM,menos_de_1_anio,1,hombre_divorciado_separado,ninguno,1,coche_u_otro,28,ninguno,propia,2,empleado_cualificado,1,no,si,1
0_a_200_DM,36,retraso_en_pagos_previos,negocio,4455,menos_de_100_DM,1_a_4_anios,2,hombre_divorciado_separado,ninguno,2,inmueble,30,tiendas,propia,2,directivo_autonomo_alta_cualificacion,1,si,si,1
menos_de_0_DM,21,todos_pagados_en_este_banco,coche_nuevo,1647,desconocido_sin_cuenta_ahorro,1_a_4_anios,4,hombre_soltero,ninguno,2,seguro_vida_o_similar,40,ninguno,propia,2,no_cualificado_residente,2,no,si,1
sin_cuenta_corriente,24,cuenta_critica_otros_bancos,mobiliario,3777,1000_DM_o_mas,1_a_4_anios,4,hombre_soltero,ninguno,4,inmueble,50,ninguno,propia,1,empleado_cualificado,1,si,si,0
0_a_200_DM,18,cuenta_critica_otros_bancos,coche_nuevo,884,menos_de_100_DM,7_anios_o_mas,4,hombre_soltero,ninguno,4,coche_u_otro,36,banco,propia,1,empleado_cualificado,2,si,si,1
sin_cuenta_corriente,15,cuenta_critica_otros_bancos,radio_tv,1360,menos_de_100_DM,1_a_4_anios,4,hombre_soltero,ninguno,2,seguro_vida_o_similar,31,ninguno,propia,2,empleado_cualificado,1,no,si,0
0_a_200_DM,9,todos_pagados_en_este_banco,coche_usado,5129,menos_de_100_DM,7_anios_o_mas,2,mujer_divorciada_separada_casada,ninguno,4,desconocido_sin_propiedad,74,banco,gratuita,1,directivo_autonomo_alta_cualificacion,2,si,si,1
0_a_200_DM,16,cuenta_critica_otros_bancos,coche_nuevo,1175,menos_de_100_DM,desempleado,2,hombre_soltero,ninguno,3,coche_u_otro,68,ninguno,gratuita,3,no_cualificado_no_residente,1,si,si,0
menos_de_0_DM,12,pagados_hasta_ahora,radio_tv,674,100_a_500_DM,4_a_7_anios,4,hombre_casado_viudo,ninguno,1,seguro_vida_o_similar,20,ninguno,propia,1,empleado_cualificado,1,no,si,1
0_a_200_DM,18,sin_creditos_previos,mobiliario,3244,menos_de_100_DM,1_a_4_anios,1,mujer_divorciada_separada_casada,ninguno,4,coche_u_otro,33,banco,propia,2,empleado_cualificado,1,si,si,0
sin_cuenta_corriente,24,pagados_hasta_ahora,negocio,4591,1000_DM_o_mas,1_a_4_anios,2,hombre_soltero,ninguno,3,seguro_vida_o_similar,54,ninguno,propia,3,directivo_autonomo_alta_cualificacion,1,si,si,1
0_a_200_DM,48,sin_creditos_previos,negocio,3844,100_a_500_DM,4_a_7_anios,4,hombre_soltero,ninguno,4,desconocido_sin_propiedad,34,ninguno,gratuita,1,no_cualificado_residente,2,no,si,1
0_a_200_DM,27,pagados_hasta_ahora,negocio,3915,menos_de_100_DM,1_a_4_anios,4,hombre_soltero,ninguno,2,coche_u_otro,36,ninguno,propia,1,empleado_cualificado,2,si,si,1
sin_cuenta_corriente,6,pagados_hasta_ahora,radio_tv,2108,menos_de_100_DM,4_a_7_anios,2,hombre_casado_viudo,ninguno,2,inmueble,29,ninguno,alquiler,1,empleado_cualificado,1,no,si,0
0_a_200_DM,45,pagados_hasta_ahora,radio_tv,3031,100_a_500_DM,1_a_4_anios,4,hombre_soltero,avalista,4,seguro_vida_o_similar,21,ninguno,alquiler,1,empleado_cualificado,1,no,si,1
0_a_200_DM,9,cuenta_critica_otros_bancos,educacion,1501,menos_de_100_DM,7_anios_o_mas,2,mujer_divorciada_separada_casada,ninguno,3,coche_u_otro,34,ninguno,propia,2,directivo_autonomo_alta_cualificacion,1,si,si,1
sin_cuenta_corriente,6,cuenta_critica_otros_bancos,radio_tv,1382,menos_de_100_DM,1_a_4_anios,1,mujer_divorciada_separada_casada,ninguno,1,coche_u_otro,28,ninguno,propia,2,empleado_cualificado,1,si,si,0
0_a_200_DM,12,pagados_hasta_ahora,mobiliario,951,100_a_500_DM,menos_de_1_anio,4,mujer_divorciada_separada_casada,ninguno,4,coche_u_otro,27,banco,alquiler,4,empleado_cualificado,1,no,si,1
0_a_200_DM,24,pagados_hasta_ahora,coche_usado,2760,desconocido_sin_cuenta_ahorro,7_anios_o_mas,4,hombre_soltero,ninguno,4,desconocido_sin_propiedad,36,banco,gratuita,1,empleado_cualificado,1,si,si,0
0_a_200_DM,18,retraso_en_pagos_previos,mobiliario,4297,menos_de_100_DM,7_anios_o_mas,4,hombre_divorciado_separado,ninguno,3,desconocido_sin_propiedad,40,ninguno,propia,1,directivo_autonomo_alta_cualificacion,1,si,si,1
sin_cuenta_corriente,9,cuenta_critica_otros_bancos,educacion,936,500_a_1000_DM,7_anios_o_mas,4,hombre_soltero,ninguno,2,coche_u_otro,52,ninguno,propia,2,empleado_cualificado,1,si,si,0
menos_de_0_DM,12,pagados_hasta_ahora,coche_nuevo,1168,menos_de_100_DM,1_a_4_anios,4,hombre_casado_viudo,ninguno,3,inmueble,27,ninguno,propia,1,no_cualificado_residente,1,no,si,0
sin_cuenta_corriente,27,retraso_en_pagos_previos,negocio,5117,menos_de_100_DM,4_a_7_anios,3,hombre_soltero,ninguno,4,coche_u_otro,26,ninguno,propia,2,empleado_cualificado,1,no,si,0
menos_de_0_DM,12,pagados_hasta_ahora,reciclaje_profesional,902,menos_de_100_DM,4_a_7_anios,4,hombre_casado_viudo,ninguno,4,seguro_vida_o_similar,21,ninguno,alquiler,1,empleado_cualificado,1,no,si,1
sin_cuenta_corriente,12,cuenta_critica_otros_bancos,coche_nuevo,1495,menos_de_100_DM,7_anios_o_mas,4,hombre_soltero,ninguno,1,inmueble,38,ninguno,propia,2,no_cualificado_residente,2,no,si,0
menos_de_0_DM,30,cuenta_critica_otros_bancos,coche_usado,10623,menos_de_100_DM,7_anios_o_mas,3,hombre_soltero,ninguno,4,desconocido_sin_propiedad,38,ninguno,gratuita,3,directivo_autonomo_alta_cualificacion,2,si,si,0
sin_cuenta_corriente,12,cuenta_critica_otros_bancos,mobiliario,1935,menos_de_100_DM,7_anios_o_mas,4,hombre_soltero,ninguno,4,inmueble,43,ninguno,propia,3,empleado_cualificado,1,si,si,0
0_a_200_DM,12,cuenta_critica_otros_bancos,electrodomesticos,1424,menos_de_100_DM,4_a_7_anios,4,hombre_soltero,ninguno,3,seguro_vida_o_similar,26,ninguno,propia,1,empleado_cualificado,1,no,si,0
menos_de_0_DM,24,pagados_hasta_ahora,negocio,6568,menos_de_100_DM,1_a_4_anios,2,hombre_casado_viudo,ninguno,2,coche_u_otro,21,tiendas,propia,1,no_cualificado_residente,1,no,si,0
sin_cuenta_corriente,12,pagados_hasta_ahora,coche_usado,1413,1000_DM_o_mas,4_a_7_anios,3,hombre_soltero,ninguno,2,seguro_vida_o_similar,55,ninguno,propia,1,empleado_cualificado,1,no,no,0
sin_cuenta_corriente,9,cuenta_critica_otros_bancos,radio_tv,3074,desconocido_sin_cuenta_ahorro,1_a_4_anios,1,hombre_soltero,ninguno,2,inmueble,33,ninguno,propia,2,empleado_cualificado,2,no,si,0
sin_cuenta_corriente,36,pagados_hasta_ahora,radio_tv,3835,desconocido_sin_cuenta_ahorro,7_anios_o_mas,2,mujer_divorciada_separada_casada,ninguno,4,inmueble,45,ninguno,propia,1,no_cualificado_residente,1,si,si,0
menos_de_0_DM,27,sin_creditos_previos,negocio,5293,menos_de_100_DM,desempleado,2,hombre_soltero,ninguno,4,seguro_vida_o_similar,50,tiendas,propia,2,empleado_cualificado,1,si,si,1
200_DM_o_mas,30,retraso_en_pagos_previos,negocio,1908,menos_de_100_DM,7_anios_o_mas,4,hombre_soltero,ninguno,4,inmueble,66,ninguno,propia,1,directivo_autonomo_alta_cualificacion,1,si,si,1
sin_cuenta_corriente,36,cuenta_critica_otros_bancos,radio_tv,3342,desconocido_sin_cuenta_ahorro,7_anios_o_mas,4,hombre_soltero,ninguno,2,coche_u_otro,51,ninguno,propia,1,empleado_cualificado,1,si,si,0
0_a_200_DM,6,cuenta_critica_otros_bancos,reciclaje_profesional,932,desconocido_sin_cuenta_ahorro,4_a_7_anios,1,mujer_divorciada_separada_casada,ninguno,3,seguro_vida_o_similar,39,ninguno,propia,2,no_cualificado_residente,1,no,si,0
menos_de_0_DM,18,sin_creditos_previos,negocio,3104,menos_de_100_DM,4_a_7_anios,3,hombre_soltero,ninguno,1,seguro_vida_o_similar,31,banco,propia,1,empleado_cualificado,1,si,si,0
200_DM_o_mas,36,pagados_hasta_ahora,radio_tv,3913,menos_de_100_DM,1_a_4_anios,2,hombre_soltero,ninguno,2,inmueble,23,ninguno,propia,1,empleado_cualificado,1,si,si,0
menos_de_0_DM,24,pagados_hasta_ahora,mobiliario,3021,menos_de_100_DM,1_a_4_anios,2,hombre_divorciado_separado,ninguno,2,inmueble,24,ninguno,alquiler,1,no_cualificado_residente,1,no,si,0
sin_cuenta_corriente,10,pagados_hasta_ahora,coche_nuevo,1364,menos_de_100_DM,1_a_4_anios,2,mujer_divorciada_separada_casada,ninguno,4,coche_u_otro,64,ninguno,propia,1,empleado_cualificado,1,si,si,0
0_a_200_DM,12,pagados_hasta_ahora,radio_tv,625,menos_de_100_DM,menos_de_1_anio,4,hombre_casado_viudo,avalista,1,inmueble,26,banco,propia,1,no_cualificado_residente,1,no,si,0
menos_de_0_DM,12,pagados_hasta_ahora,educacion,1200,desconocido_sin_cuenta_ahorro,1_a_4_anios,4,mujer_divorciada_separada_casada,ninguno,4,seguro_vida_o_similar,23,banco,alquiler,1,empleado_cualificado,1,si,si,0
sin_cuenta_corriente,12,pagados_hasta_ahora,radio_tv,707,menos_de_100_DM,1_a_4_anios,4,hombre_soltero,ninguno,2,inmueble,30,banco,propia,2,empleado_cualificado,1,no,si,0
sin_cuenta_corriente,24,retraso_en_pagos_previos,negocio,2978,desconocido_sin_cuenta_ahorro,1_a_4_anios,4,hombre_soltero,ninguno,4,inmueble,32,ninguno,propia,2,empleado_cualificado,2,si,si,0
sin_cuenta_corriente,15,pagados_hasta_ahora,coche_usado,4657,menos_de_100_DM,1_a_4_anios,3,hombre_soltero,ninguno,2,coche_u_otro,30,ninguno,propia,1,empleado_cualificado,1,si,si,0
sin_cuenta_corriente,36,sin_creditos_previos,reparaciones,2613,menos_de_100_DM,1_a_4_anios,4,hombre_soltero,ninguno,2,coche_u_otro,27,ninguno,propia,2,empleado_cualificado,1,no,si,0
0_a_200_DM,48,pagados_hasta_ahora,radio_tv,10961,1000_DM_o_mas,4_a_7_anios,1,hombre_soltero,codeudor,2,desconocido_sin_propiedad,27,banco,propia,2,empleado_cualificado,1,si,si,1
menos_de_0_DM,12,pagados_hasta_ahora,mobiliario,7865,menos_de_100_DM,7_anios_o_mas,4,hombre_soltero,ninguno,4,desconocido_sin_propiedad,53,ninguno,gratuita,1,directivo_autonomo_alta_cualificacion,1,si,si,1
sin_cuenta_corriente,9,pagados_hasta_ahora,radio_tv,1478,menos_de_100_DM,4_a_7_anios,4,hombre_soltero,ninguno,2,coche_u_otro,22,ninguno,propia,1,empleado_cualificado,1,no,si,1
menos_de_0_DM,24,pagados_hasta_ahora,mobiliario,3149,menos_de_100_DM,menos_de_1_anio,4,hombre_soltero,ninguno,1,desconocido_sin_propiedad,22,banco,gratuita,1,empleado_cualificado,1,no,si,0
200_DM_o_mas,36,pagados_hasta_ahora,radio_tv,4210,menos_de_100_DM,1_a_4_anios,4,hombre_soltero,ninguno,2,coche_u_otro,26,ninguno,propia,1,empleado_cualificado,1,no,si,1
sin_cuenta_corriente,9,pagados_hasta_ahora,coche_nuevo,2507,500_a_1000_DM,7_anios_o_mas,2,hombre_soltero,ninguno,4,desconocido_sin_propiedad,51,ninguno,gratuita,1,no_cualificado_residente,1,no,si,0
sin_cuenta_corriente,12,pagados_hasta_ahora,radio_tv,2141,100_a_500_DM,4_a_7_anios,3,hombre_soltero,ninguno,1,desconocido_sin_propiedad,35,ninguno,propia,1,empleado_cualificado,1,no,si,0
0_a_200_DM,18,pagados_hasta_ahora,radio_tv,866,menos_de_100_DM,1_a_4_anios,4,hombre_casado_viudo,avalista,2,inmueble,25,ninguno,propia,1,no_cualificado_residente,1,no,si,0
sin_cuenta_corriente,4,cuenta_critica_otros_bancos,radio_tv,1544,menos_de_100_DM,4_a_7_anios,2,hombre_soltero,ninguno,1,inmueble,42,ninguno,propia,3,no_cualificado_residente,2,no,si,0
menos_de_0_DM,24,pagados_hasta_ahora,radio_tv,1823,menos_de_100_DM,desempleado,4,hombre_soltero,ninguno,2,coche_u_otro,30,tiendas,propia,1,directivo_autonomo_alta_cualificacion,2,no,si,1
0_a_200_DM,6,pagados_hasta_ahora,coche_nuevo,14555,desconocido_sin_cuenta_ahorro,desempleado,1,hombre_soltero,ninguno,2,seguro_vida_o_similar,23,ninguno,propia,1,no_cualificado_no_residente,1,si,si,1
0_a_200_DM,21,pagados_hasta_ahora,negocio,2767,100_a_500_DM,7_anios_o_mas,4,hombre_divorciado_separado,ninguno,2,coche_u_otro,61,banco,alquiler,2,no_cualificado_residente,1,no,si,1
sin_cuenta_corriente,12,cuenta_critica_otros_bancos,radio_tv,1291,menos_de_100_DM,1_a_4_anios,4,mujer_divorciada_separada_casada,ninguno,2,seguro_vida_o_similar,35,ninguno,propia,2,empleado_cualificado,1,no,si,0
menos_de_0_DM,30,pagados_hasta_ahora,radio_tv,2522,menos_de_100_DM,7_anios_o_mas,1,hombre_soltero,avalista,3,seguro_vida_o_similar,39,ninguno,propia,1,empleado_cualificado,2,no,si,0
menos_de_0_DM,24,pagados_hasta_ahora,coche_nuevo,915,desconocido_sin_cuenta_ahorro,7_anios_o_mas,4,mujer_divorciada_separada_casada,ninguno,2,coche_u_otro,29,banco,propia,1,empleado_cualificado,1,no,si,1
sin_cuenta_corriente,6,pagados_hasta_ahora,radio_tv,1595,menos_de_100_DM,4_a_7_anios,3,hombre_soltero,ninguno,2,seguro_vida_o_similar,51,ninguno,propia,1,empleado_cualificado,2,no,si,0
menos_de_0_DM,48,sin_creditos_previos,coche_usado,4605,menos_de_100_DM,7_anios_o_mas,3,hombre_soltero,ninguno,4,desconocido_sin_propiedad,24,ninguno,gratuita,2,empleado_cualificado,2,no,si,1
sin_cuenta_corriente,12,cuenta_critica_otros_bancos,negocio,1185,menos_de_100_DM,1_a_4_anios,3,mujer_divorciada_separada_casada,ninguno,2,inmueble,27,ninguno,propia,2,empleado_cualificado,1,no,si,0
sin_cuenta_corriente,12,todos_pagados_en_este_banco,reciclaje_profesional,3447,500_a_1000_DM,1_a_4_anios,4,mujer_divorciada_separada_casada,ninguno,3,inmueble,35,ninguno,propia,1,no_cualificado_residente,2,no,si,0
sin_cuenta_corriente,24,pagados_hasta_ahora,negocio,1258,menos_de_100_DM,4_a_7_anios,4,hombre_soltero,ninguno,1,inmueble,25,ninguno,propia,1,empleado_cualificado,1,si,si,0
sin_cuenta_corriente,12,cuenta_critica_otros_bancos,radio_tv,717,menos_de_100_DM,7_anios_o_mas,4,hombre_soltero,ninguno,4,inmueble,52,ninguno,propia,3,empleado_cualificado,1,no,si,0
sin_cuenta_corriente,6,sin_creditos_previos,coche_nuevo,1204,100_a_500_DM,1_a_4_anios,4,hombre_soltero,ninguno,1,desconocido_sin_propiedad,35,banco,alquiler,1,empleado_cualificado,1,no,no,0
200_DM_o_mas,24,pagados_hasta_ahora,mobiliario,1925,menos_de_100_DM,1_a_4_anios,2,hombre_soltero,ninguno,2,inmueble,26,ninguno,propia,1,empleado_cualificado,1,no,si,0
sin_cuenta_corriente,18,pagados_hasta_ahora,radio_tv,433,menos_de_100_DM,desempleado,3,mujer_divorciada_separada_casada,codeudor,4,inmueble,22,ninguno,alquiler,1,empleado_cualificado,1,no,si,1
menos_de_0_DM,6,cuenta_critica_otros_bancos,coche_nuevo,666,1000_DM_o_mas,4_a_7_anios,3,mujer_divorciada_separada_casada,ninguno,4,inmueble,39,ninguno,propia,2,no_cualificado_residente,1,si,si,0
200_DM_o_mas,12,pagados_hasta_ahora,mobiliario,2251,menos_de_100_DM,1_a_4_anios,1,mujer_divorciada_separada_casada,ninguno,2,coche_u_otro,46,ninguno,propia,1,no_cualificado_residente,1,no,si,0
0_a_200_DM,30,pagados_hasta_ahora,coche_nuevo,2150,menos_de_100_DM,1_a_4_anios,4,mujer_divorciada_separada_casada,avalista,2,desconocido_sin_propiedad,24,banco,propia,1,empleado_cualificado,1,no,si,1
sin_cuenta_corriente,24,retraso_en_pagos_previos,mobiliario,4151,100_a_500_DM,1_a_4_anios,2,hombre_soltero,ninguno,3,seguro_vida_o_similar,35,ninguno,propia,2,empleado_cualificado,1,no,si,0
0_a_200_DM,9,pagados_hasta_ahora,mobiliario,2030,desconocido_sin_cuenta_ahorro,4_a_7_anios,2,hombre_soltero,ninguno,1,coche_u_otro,24,ninguno,propia,1,empleado_cualificado,1,si,si,0
0_a_200_DM,60,retraso_en_pagos_previos,radio_tv,7418,desconocido_sin_cuenta_ahorro,1_a_4_anios,1,hombre_soltero,ninguno,1,inmueble,27,ninguno,propia,1,no_cualificado_residente,1,no,si,0
sin_cuenta_corriente,24,cuenta_critica_otros_bancos,radio_tv,2684,menos_de_100_DM,1_a_4_anios,4,hombre_soltero,ninguno,2,inmueble,35,ninguno,propia,2,no_cualificado_residente,1,no,si,0
menos_de_0_DM,12,todos_pagados_en_este_banco,radio_tv,2149,menos_de_100_DM,1_a_4_anios,4,hombre_divorciado_separado,ninguno,1,desconocido_sin_propiedad,29,ninguno,gratuita,1,empleado_cualificado,1,no,si,1
sin_cuenta_corriente,15,pagados_hasta_ahora,coche_usado,3812,100_a_500_DM,menos_de_1_anio,1,mujer_divorciada_separada_casada,ninguno,4,coche_u_otro,23,ninguno,propia,1,empleado_cualificado,1,si,si,0
sin_cuenta_corriente,11,cuenta_critica_otros_bancos,radio_tv,1154,100_a_500_DM,desempleado,4,mujer_divorciada_separada_casada,ninguno,4,inmueble,57,ninguno,propia,3,no_cualificado_residente,1,no,si,0
menos_de_0_DM,12,pagados_hasta_ahora,mobiliario,1657,menos_de_100_DM,1_a_4_anios,2,hombre_soltero,ninguno,2,inmueble,27,ninguno,propia,1,empleado_cualificado,1,no,si,0
menos_de_0_DM,24,pagados_hasta_ahora,radio_tv,1603,menos_de_100_DM,7_anios_o_mas,4,mujer_divorciada_separada_casada,ninguno,4,coche_u_otro,55,ninguno,propia,1,empleado_cualificado,1,no,si,0
menos_de_0_DM,18,cuenta_critica_otros_bancos,coche_nuevo,5302,menos_de_100_DM,7_anios_o_mas,2,hombre_soltero,ninguno,4,desconocido_sin_propiedad,36,ninguno,gratuita,3,directivo_autonomo_alta_cualificacion,1,si,si,0
sin_cuenta_corriente,12,cuenta_critica_otros_bancos,educacion,2748,menos_de_100_DM,7_anios_o_mas,2,mujer_divorciada_separada_casada,ninguno,4,desconocido_sin_propiedad,57,banco,gratuita,3,no_cualificado_residente,1,no,si,0
sin_cuenta_corriente,10,cuenta_critica_otros_bancos,coche_nuevo,1231,menos_de_100_DM,7_anios_o_mas,3,hombre_soltero,ninguno,4,inmueble,32,ninguno,propia,2,no_cualificado_residente,2,no,no,0
0_a_200_DM,15,pagados_hasta_ahora,radio_tv,802,menos_de_100_DM,7_anios_o_mas,4,hombre_soltero,ninguno,3,coche_u_otro,37,ninguno,propia,1,empleado_cualificado,2,no,si,1
sin_cuenta_corriente,36,cuenta_critica_otros_bancos,negocio,6304,desconocido_sin_cuenta_ahorro,7_anios_o_mas,4,hombre_soltero,ninguno,4,inmueble,36,ninguno,propia,2,empleado_cualificado,1,no,si,0
sin_cuenta_corriente,24,pagados_hasta_ahora,radio_tv,1533,menos_de_100_DM,menos_de_1_anio,4,mujer_divorciada_separada_casada,ninguno,3,coche_u_otro,38,tiendas,propia,1,empleado_cualificado,1,si,si,0
menos_de_0_DM,14,pagados_hasta_ahora,coche_nuevo,8978,menos_de_100_DM,7_anios_o_mas,1,hombre_divorciado_separado,ninguno,4,seguro_vida_o_similar,45,ninguno,propia,1,directivo_autonomo_alta_cualificacion,1,si,no,1
sin_cuenta_corriente,24,pagados_hasta_ahora,radio_tv,999,desconocido_sin_cuenta_ahorro,7_anios_o_mas,4,hombre_soltero,ninguno,2,coche_u_otro,25,ninguno,propia,2,empleado_cualificado,1,no,si,0
sin_cuenta_corriente,18,pagados_hasta_ahora,coche_nuevo,2662,desconocido_sin_cuenta_ahorro,4_a_7_anios,4,hombre_soltero,ninguno,3,seguro_vida_o_similar,32,ninguno,propia,1,empleado_cualificado,1,no,no,0
sin_cuenta_corriente,12,cuenta_critica_otros_bancos,mobiliario,1402,500_a_1000_DM,4_a_7_anios,3,mujer_divorciada_separada_casada,ninguno,4,coche_u_otro,37,ninguno,alquiler,1,empleado_cualificado,1,si,si,0
0_a_200_DM,48,todos_pagados_en_este_banco,coche_nuevo,12169,desconocido_sin_cuenta_ahorro,desempleado,4,hombre_soltero,codeudor,4,desconocido_sin_propiedad,36,ninguno,gratuita,1,directivo_autonomo_alta_cualificacion,1,si,si,0
0_a_200_DM,48,pagados_hasta_ahora,radio_tv,3060,menos_de_100_DM,4_a_7_anios,4,hombre_soltero,ninguno,4,inmueble,28,ninguno,propia,2,empleado_cualificado,1,no,si,1
menos_de_0_DM,30,pagados_hasta_ahora,reparaciones,11998,menos_de_100_DM,menos_de_1_anio,1,hombre_divorciado_separado,ninguno,1,desconocido_sin_propiedad,34,ninguno,propia,1,no_cualificado_residente,1,si,si,1
sin_cuenta_corriente,9,pagados_hasta_ahora,radio_tv,2697,menos_de_100_DM,1_a_4_anios,1,hombre_soltero,ninguno,2,inmueble,32,ninguno,propia,1,empleado_cualificado,2,no,si,0
sin_cuenta_corriente,18,cuenta_critica_otros_bancos,radio_tv,2404,menos_de_100_DM,1_a_4_anios,2,mujer_divorciada_separada_casada,ninguno,2,coche_u_otro,26,ninguno,propia,2,empleado_cualificado,1,no,si,0
menos_de_0_DM,12,pagados_hasta_ahora,mobiliario,1262,desconocido_sin_cuenta_ahorro,7_anios_o_mas,2,hombre_divorciado_separado,ninguno,4,seguro_vida_o_similar,49,ninguno,propia,1,no_cualificado_residente,1,si,si,0
sin_cuenta_corriente,6,pagados_hasta_ahora,mobiliario,4611,menos_de_100_DM,menos_de_1_anio,1,mujer_divorciada_separada_casada,ninguno,4,seguro_vida_o_similar,32,ninguno,propia,1,empleado_cualificado,1,no,si,1
sin_cuenta_corriente,24,pagados_hasta_ahora,radio_tv,1901,100_a_500_DM,1_a_4_anios,4,hombre_soltero,ninguno,4,coche_u_otro,29,ninguno,alquiler,1,directivo_autonomo_alta_cualificacion,1,si,si,0
sin_cuenta_corriente,15,cuenta_critica_otros_bancos,coche_usado,3368,1000_DM_o_mas,7_anios_o_mas,3,hombre_soltero,ninguno,4,desconocido_sin_propiedad,23,ninguno,alquiler,2,empleado_cualificado,1,si,si,0
sin_cuenta_corriente,12,pagados_hasta_ahora,mobiliario,1574,menos_de_100_DM,1_a_4_anios,4,hombre_soltero,ninguno,2,inmueble,50,ninguno,propia,1,empleado_cualificado,1,no,si,0
200_DM_o_mas,18,todos_pagados_en_este_banco,radio_tv,1445,desconocido_sin_cuenta_ahorro,4_a_7_anios,4,hombre_soltero,ninguno,4,coche_u_otro,49,banco,propia,1,no_cualificado_residente,1,no,si,0
sin_cuenta_corriente,15,cuenta_critica_otros_bancos,mobiliario,1520,desconocido_sin_cuenta_ahorro,7_anios_o_mas,4,hombre_soltero,ninguno,4,seguro_vida_o_similar,63,ninguno,propia,1,empleado_cualificado,1,no,si,0
0_a_200_DM,24,cuenta_critica_otros_bancos,coche_nuevo,3878,100_a_500_DM,menos_de_1_anio,4,hombre_divorciado_separado,ninguno,2,coche_u_otro,37,ninguno,propia,1,empleado_cualificado,1,si,si,0
menos_de_0_DM,47,pagados_hasta_ahora,coche_nuevo,10722,menos_de_100_DM,menos_de_1_anio,1,mujer_divorciada_separada_casada,ninguno,1,inmueble,35,ninguno,propia,1,no_cualificado_residente,1,si,si,0
menos_de_0_DM,48,pagados_hasta_ahora,coche_usado,4788,menos_de_100_DM,4_a_7_anios,4,hombre_soltero,ninguno,3,seguro_vida_o_similar,26,ninguno,propia,1,empleado_cualificado,2,no,si,0
0_a_200_DM,48,retraso_en_pagos_previos,otros,7582,100_a_500_DM,desempleado,2,hombre_soltero,ninguno,4,desconocido_sin_propiedad,31,ninguno,gratuita,1,directivo_autonomo_alta_cualificacion,1,si,si,0
0_a_200_DM,12,pagados_hasta_ahora,radio_tv,1092,menos_de_100_DM,1_a_4_anios,4,mujer_divorciada_separada_casada,avalista,4,inmueble,49,ninguno,propia,2,empleado_cualificado,1,si,si,0
menos_de_0_DM,24,retraso_en_pagos_previos,radio_tv,1024,menos_de_100_DM,menos_de_1_anio,4,hombre_casado_viudo,ninguno,4,inmueble,48,tiendas,propia,1,empleado_cualificado,1,no,si,1
sin_cuenta_corriente,12,pagados_hasta_ahora,negocio,1076,,1_a_4_anios,2,hombre_casado_viudo,ninguno,2,inmueble,26,ninguno,propia,1,empleado_cualificado,1,si,no,0
0_a_200_DM,36,pagados_hasta_ahora,coche_usado,9398,menos_de_100_DM,menos_de_1_anio,1,hombre_casado_viudo,ninguno,4,coche_u_otro,28,ninguno,alquiler,1,directivo_autonomo_alta_cualificacion,1,si,si,1
menos_de_0_DM,24,cuenta_critica_otros_bancos,coche_usado,6419,menos_de_100_DM,7_anios_o_mas,2,mujer_divorciada_separada_casada,ninguno,4,desconocido_sin_propiedad,44,ninguno,gratuita,2,directivo_autonomo_alta_cualificacion,2,si,si,0
200_DM_o_mas,42,cuenta_critica_otros_bancos,coche_usado,4796,menos_de_100_DM,7_anios_o_mas,4,hombre_soltero,ninguno,4,desconocido_sin_propiedad,56,ninguno,gratuita,1,empleado_cualificado,1,no,si,0
sin_cuenta_corriente,48,cuenta_critica_otros_bancos,negocio,7629,desconocido_sin_cuenta_ahorro,7_anios_o_mas,4,hombre_divorciado_separado,ninguno,2,coche_u_otro,46,banco,propia,2,directivo_autonomo_alta_cualificacion,2,no,si,0
0_a_200_DM,48,pagados_hasta_ahora,mobiliario,9960,menos_de_100_DM,menos_de_1_anio,1,mujer_divorciada_separada_casada,ninguno,2,coche_u_otro,26,ninguno,propia,1,empleado_cualificado,1,si,si,1
sin_cuenta_corriente,12,pagados_hasta_ahora,coche_usado,4675,desconocido_sin_cuenta_ahorro,menos_de_1_anio,1,mujer_divorciada_separada_casada,ninguno,4,coche_u_otro,20,ninguno,alquiler,1,empleado_cualificado,1,no,si,0
sin_cuenta_corriente,10,pagados_hasta_ahora,coche_nuevo,1287,desconocido_sin_cuenta_ahorro,7_anios_o_mas,4,hombre_soltero,codeudor,2,seguro_vida_o_similar,45,ninguno,propia,1,no_cualificado_residente,1,no,no,0
sin_cuenta_corriente,18,pagados_hasta_ahora,mobiliario,2515,menos_de_100_DM,1_a_4_anios,3,hombre_soltero,ninguno,4,inmueble,43,ninguno,propia,1,empleado_cualificado,1,si,si,0
0_a_200_DM,21,cuenta_critica_otros_bancos,mobiliario,2745,1000_DM_o_mas,4_a_7_anios,3,hombre_soltero,ninguno,2,coche_u_otro,32,ninguno,propia,2,empleado_cualificado,1,si,si,0
sin_cuenta_corriente,6,pagados_hasta_ahora,coche_nuevo,672,menos_de_100_DM,desempleado,1,mujer_divorciada_separada_casada,ninguno,4,inmueble,54,ninguno,propia,1,no_cualificado_no_residente,1,si,si,0
0_a_200_DM,36,sin_creditos_previos,radio_tv,3804,menos_de_100_DM,1_a_4_anios,4,mujer_divorciada_separada_casada,ninguno,1,coche_u_otro,42,ninguno,propia,1,empleado_cualificado,1,si,si,1
200_DM_o_mas,24,cuenta_critica_otros_bancos,coche_nuevo,1344,desconocido_sin_cuenta_ahorro,4_a_7_anios,4,hombre_soltero,ninguno,2,inmueble,37,banco,propia,2,no_cualificado_residente,2,no,si,1
menos_de_0_DM,10,cuenta_critica_otros_bancos,coche_nuevo,1038,menos_de_100_DM,4_a_7_anios,4,hombre_soltero,codeudor,3,seguro_vida_o_similar,49,ninguno,propia,2,empleado_cualificado,1,si,si,0
sin_cuenta_corriente,48,cuenta_critica_otros_bancos,coche_nuevo,10127,500_a_1000_DM,1_a_4_anios,2,hombre_soltero,ninguno,2,desconocido_sin_propiedad,44,banco,gratuita,1,empleado_cualificado,1,no,si,1
sin_cuenta_corriente,6,pagados_hasta_ahora,mobiliario,1543,1000_DM_o_mas,1_a_4_anios,4,hombre_divorciado_separado,ninguno,2,inmueble,33,ninguno,propia,1,empleado_cualificado,1,no,si,0
sin_cuenta_corriente,30,pagados_hasta_ahora,coche_usado,4811,desconocido_sin_cuenta_ahorro,4_a_7_anios,2,mujer_divorciada_separada_casada,ninguno,4,seguro_vida_o_similar,24,tiendas,alquiler,1,no_cualificado_residente,1,no,si,0
menos_de_0_DM,12,pagados_hasta_ahora,radio_tv,727,100_a_500_DM,menos_de_1_anio,4,hombre_casado_viudo,ninguno,3,desconocido_sin_propiedad,33,ninguno,propia,1,no_cualificado_residente,1,si,si,1
0_a_200_DM,8,pagados_hasta_ahora,mobiliario,1237,menos_de_100_DM,1_a_4_anios,3,mujer_divorciada_separada_casada,ninguno,4,inmueble,24,ninguno,propia,1,empleado_cualificado,1,no,si,1
0_a_200_DM,9,pagados_hasta_ahora,coche_nuevo,276,menos_de_100_DM,1_a_4_anios,4,hombre_casado_viudo,ninguno,4,inmueble,22,ninguno,alquiler,1,no_cualificado_residente,1,no,si,0
0_a_200_DM,48,pagados_hasta_ahora,otros,5381,desconocido_sin_cuenta_ahorro,desempleado,3,hombre_soltero,ninguno,4,desconocido_sin_propiedad,40,banco,gratuita,1,no_cualificado_no_residente,1,si,si,0
sin_cuenta_corriente,24,pagados_hasta_ahora,mobiliario,5511,100_a_500_DM,1_a_4_anios,4,hombre_soltero,ninguno,1,coche_u_otro,25,tiendas,propia,1,empleado_cualificado,1,no,si,0
200_DM_o_mas,24,pagados_hasta_ahora,mobiliario,3749,menos_de_100_DM,menos_de_1_anio,2,mujer_divorciada_separada_casada,ninguno,4,coche_u_otro,26,ninguno,propia,1,empleado_cualificado,1,no,si,0
0_a_200_DM,12,pagados_hasta_ahora,coche_nuevo,685,menos_de_100_DM,4_a_7_anios,2,hombre_casado_viudo,ninguno,3,coche_u_otro,25,banco,propia,1,no_cualificado_residente,1,no,si,1
200_DM_o_mas,4,pagados_hasta_ahora,coche_nuevo,1494,desconocido_sin_cuenta_ahorro,menos_de_1_anio,1,hombre_soltero,ninguno,2,inmueble,29,ninguno,propia,1,no_cualificado_residente,2,no,no,0
menos_de_0_DM,36,todos_pagados_en_este_banco,mobiliario,2746,menos_de_100_DM,7_anios_o_mas,4,hombre_soltero,ninguno,4,coche_u_otro,31,banco,propia,1,empleado_cualificado,1,no,si,1
menos_de_0_DM,12,pagados_hasta_ahora,mobiliario,708,menos_de_100_DM,1_a_4_anios,2,hombre_soltero,avalista,3,seguro_vida_o_similar,38,ninguno,propia,1,no_cualificado_residente,2,no,si,0
0_a_200_DM,24,pagados_hasta_ahora,mobiliario,4351,desconocido_sin_cuenta_ahorro,1_a_4_anios,1,mujer_divorciada_separada_casada,ninguno,4,seguro_vida_o_similar,48,ninguno,propia,1,no_cualificado_residente,1,si,si,0
sin_cuenta_corriente,12,cuenta_critica_otros_bancos,educacion,701,menos_de_100_DM,1_a_4_anios,4,hombre_soltero,,2,coche_u_otro,32,ninguno,propia,2,empleado_cualificado,1,no,si,0
menos_de_0_DM,15,retraso_en_pagos_previos,mobiliario,3643,menos_de_100_DM,7_anios_o_mas,1,mujer_divorciada_separada_casada,ninguno,4,seguro_vida_o_similar,27,ninguno,propia,2,no_cualificado_residente,1,no,si,0
0_a_200_DM,30,cuenta_critica_otros_bancos,coche_nuevo,4249,menos_de_100_DM,desempleado,4,hombre_casado_viudo,ninguno,2,coche_u_otro,28,ninguno,propia,2,directivo_autonomo_alta_cualificacion,1,no,si,1
menos_de_0_DM,24,pagados_hasta_ahora,radio_tv,1938,menos_de_100_DM,menos_de_1_anio,4,hombre_divorciado_separado,ninguno,3,seguro_vida_o_similar,32,ninguno,propia,1,empleado_cualificado,1,no,si,1
menos_de_0_DM,24,pagados_hasta_ahora,coche_usado,2910,menos_de_100_DM,4_a_7_anios,2,hombre_soltero,ninguno,1,desconocido_sin_propiedad,34,ninguno,gratuita,1,directivo_autonomo_alta_cualificacion,1,si,si,0
menos_de_0_DM,18,pagados_hasta_ahora,mobiliario,2659,1000_DM_o_mas,1_a_4_anios,4,hombre_soltero,ninguno,2,coche_u_otro,28,ninguno,propia,1,empleado_cualificado,1,no,si,0
sin_cuenta_corriente,18,cuenta_critica_otros_bancos,coche_nuevo,1028,menos_de_100_DM,1_a_4_anios,4,mujer_divorciada_separada_casada,ninguno,3,inmueble,36,ninguno,propia,2,empleado_cualificado,1,no,si,0
menos_de_0_DM,8,cuenta_critica_otros_bancos,coche_nuevo,3398,menos_de_100_DM,4_a_7_anios,1,hombre_soltero,ninguno,4,inmueble,39,ninguno,propia,2,no_cualificado_residente,1,no,no,0
sin_cuenta_corriente,12,cuenta_critica_otros_bancos,mobiliario,5801,desconocido_sin_cuenta_ahorro,7_anios_o_mas,2,hombre_soltero,ninguno,4,seguro_vida_o_similar,49,ninguno,alquiler,1,empleado_cualificado,1,si,si,0
sin_cuenta_corriente,24,pagados_hasta_ahora,coche_nuevo,1525,1000_DM_o_mas,4_a_7_anios,4,mujer_divorciada_separada_casada,ninguno,3,coche_u_otro,34,ninguno,propia,1,empleado_cualificado,2,si,si,0
200_DM_o_mas,36,pagados_hasta_ahora,radio_tv,4473,menos_de_100_DM,7_anios_o_mas,4,hombre_soltero,ninguno,2,coche_u_otro,31,ninguno,propia,1,empleado_cualificado,1,no,si,0
0_a_200_DM,6,pagados_hasta_ahora,radio_tv,1068,menos_de_100_DM,7_anios_o_mas,4,hombre_soltero,ninguno,4,coche_u_otro,28,ninguno,propia,1,empleado_cualificado,2,no,si,0
menos_de_0_DM,24,cuenta_critica_otros_bancos,coche_usado,6615,menos_de_100_DM,desempleado,2,hombre_soltero,ninguno,4,desconocido_sin_propiedad,75,ninguno,gratuita,2,directivo_autonomo_alta_cualificacion,1,si,si,0
sin_cuenta_corriente,18,cuenta_critica_otros_bancos,educacion,1864,100_a_500_DM,1_a_4_anios,4,mujer_divorciada_separada_casada,ninguno,2,inmueble,30,ninguno,propia,2,empleado_cualificado,1,no,si,1
0_a_200_DM,60,pagados_hasta_ahora,coche_nuevo,7408,100_a_500_DM,menos_de_1_anio,4,mujer_divorciada_separada_casada,ninguno,2,seguro_vida_o_similar,24,ninguno,propia,1,directivo_autonomo_alta_cualificacion,1,no,si,1
sin_cuenta_corriente,48,cuenta_critica_otros_bancos,coche_usado,11590,100_a_500_DM,1_a_4_anios,2,mujer_divorciada_separada_casada,ninguno,4,coche_u_otro,24,banco,alquiler,2,no_cualificado_residente,1,no,si,1
menos_de_0_DM,24,sin_creditos_previos,mobiliario,4110,menos_de_100_DM,7_anios_o_mas,3,hombre_soltero,ninguno,4,desconocido_sin_propiedad,23,banco,alquiler,2,empleado_cualificado,2,no,si,1
menos_de_0_DM,6,cuenta_critica_otros_bancos,mobiliario,3384,menos_de_100_DM,1_a_4_anios,1,hombre_divorciado_separado,ninguno,4,inmueble,44,ninguno,alquiler,1,directivo_autonomo_alta_cualificacion,1,si,si,1
0_a_200_DM,13,pagados_hasta_ahora,radio_tv,2101,menos_de_100_DM,menos_de_1_anio,2,mujer_divorciada_separada_casada,avalista,4,seguro_vida_o_similar,23,ninguno,propia,1,no_cualificado_residente,1,no,si,0
menos_de_0_DM,15,pagados_hasta_ahora,electrodomesticos,1275,desconocido_sin_cuenta_ahorro,1_a_4_anios,4,mujer_divorciada_separada_casada,ninguno,2,coche_u_otro,24,ninguno,alquiler,1,empleado_cualificado,1,no,si,1
menos_de_0_DM,24,pagados_hasta_ahora,mobiliario,4169,menos_de_100_DM,1_a_4_anios,4,hombre_soltero,ninguno,4,seguro_vida_o_similar,28,ninguno,propia,1,empleado_cualificado,1,no,si,0
0_a_200_DM,10,pagados_hasta_ahora,mobiliario,1521,menos_de_100_DM,1_a_4_anios,4,hombre_divorciado_separado,ninguno,2,coche_u_otro,31,ninguno,propia,1,no_cualificado_residente,1,no,si,0
0_a_200_DM,24,cuenta_critica_otros_bancos,educacion,5743,menos_de_100_DM,menos_de_1_anio,2,mujer_divorciada_separada_casada,ninguno,4,desconocido_sin_propiedad,24,ninguno,gratuita,2,empleado_cualificado,1,si,si,0
menos_de_0_DM,21,pagados_hasta_ahora,mobiliario,3599,menos_de_100_DM,4_a_7_anios,1,mujer_divorciada_separada_casada,ninguno,4,coche_u_otro,26,ninguno,alquiler,1,no_cualificado_residente,1,no,si,0
0_a_200_DM,18,pagados_hasta_ahora,radio_tv,3213,500_a_1000_DM,menos_de_1_anio,1,hombre_casado_viudo,ninguno,3,inmueble,25,ninguno,alquiler,1,empleado_cualificado,1,no,si,0
0_a_200_DM,18,pagados_hasta_ahora,negocio,4439,menos_de_100_DM,7_anios_o_mas,1,hombre_soltero,codeudor,1,inmueble,33,banco,propia,1,directivo_autonomo_alta_cualificacion,1,si,si,0
200_DM_o_mas,10,pagados_hasta_ahora,coche_nuevo,3949,menos_de_100_DM,menos_de_1_anio,1,hombre_soltero,avalista,1,seguro_vida_o_similar,37,ninguno,propia,1,no_cualificado_residente,2,no,si,0
sin_cuenta_corriente,15,cuenta_critica_otros_bancos,radio_tv,1459,menos_de_100_DM,1_a_4_anios,4,mujer_divorciada_separada_casada,ninguno,2,coche_u_otro,43,ninguno,propia,1,no_cualificado_residente,1,no,si,0
0_a_200_DM,13,cuenta_critica_otros_bancos,radio_tv,882,menos_de_100_DM,menos_de_1_anio,4,hombre_soltero,avalista,4,inmueble,23,ninguno,propia,2,empleado_cualificado,1,no,si,0
0_a_200_DM,24,pagados_hasta_ahora,radio_tv,3758,500_a_1000_DM,desempleado,1,mujer_divorciada_separada_casada,ninguno,4,desconocido_sin_propiedad,23,ninguno,alquiler,1,no_cualificado_no_residente,1,no,si,0
sin_cuenta_corriente,6,retraso_en_pagos_previos,negocio,1743,100_a_500_DM,1_a_4_anios,1,hombre_soltero,ninguno,2,inmueble,34,ninguno,propia,2,no_cualificado_residente,1,no,si,0
0_a_200_DM,9,cuenta_critica_otros_bancos,educacion,1136,1000_DM_o_mas,7_anios_o_mas,4,hombre_soltero,ninguno,3,desconocido_sin_propiedad,32,ninguno,gratuita,2,empleado_cualificado,2,no,si,1
sin_cuenta_corriente,9,pagados_hasta_ahora,electrodomesticos,1236,menos_de_100_DM,menos_de_1_anio,1,mujer_divorciada_separada_casada,ninguno,4,inmueble,23,ninguno,alquiler,1,empleado_cualificado,1,si,si,0
0_a_200_DM,9,pagados_hasta_ahora,mobiliario,959,menos_de_100_DM,1_a_4_anios,1,mujer_divorciada_separada_casada,ninguno,2,coche_u_otro,29,ninguno,propia,1,empleado_cualificado,1,no,no,1
sin_cuenta_corriente,18,cuenta_critica_otros_bancos,coche_usado,3229,desconocido_sin_cuenta_ahorro,desempleado,2,hombre_soltero,ninguno,4,desconocido_sin_propiedad,38,ninguno,propia,1,directivo_autonomo_alta_cualificacion,1,si,si,0
menos_de_0_DM,12,sin_creditos_previos,radio_tv,6199,menos_de_100_DM,1_a_4_anios,4,hombre_soltero,ninguno,2,,28,ninguno,alquiler,2,empleado_cualificado,1,si,si,1
sin_cuenta_corriente,10,pagados_hasta_ahora,educacion,727,500_a_1000_DM,7_anios_o_mas,4,hombre_soltero,ninguno,4,desconocido_sin_propiedad,46,ninguno,gratuita,1,empleado_cualificado,1,si,si,0
0_a_200_DM,24,pagados_hasta_ahora,coche_nuevo,1246,menos_de_100_DM,menos_de_1_anio,4,hombre_soltero,ninguno,2,inmueble,23,tiendas,propia,1,no_cualificado_residente,1,no,si,1
sin_cuenta_corriente,12,cuenta_critica_otros_bancos,radio_tv,2331,desconocido_sin_cuenta_ahorro,7_anios_o_mas,1,hombre_soltero,codeudor,4,inmueble,49,ninguno,propia,1,empleado_cualificado,1,si,si,0
sin_cuenta_corriente,36,retraso_en_pagos_previos,radio_tv,4463,menos_de_100_DM,1_a_4_anios,4,hombre_soltero,ninguno,2,coche_u_otro,26,ninguno,propia,2,directivo_autonomo_alta_cualificacion,1,si,si,1
sin_cuenta_corriente,12,pagados_hasta_ahora,radio_tv,776,menos_de_100_DM,1_a_4_anios,4,hombre_casado_viudo,ninguno,2,inmueble,28,ninguno,propia,1,empleado_cualificado,1,no,si,0
menos_de_0_DM,30,pagados_hasta_ahora,mobiliario,2406,menos_de_100_DM,4_a_7_anios,4,mujer_divorciada_separada_casada,ninguno,4,inmueble,23,ninguno,alquiler,1,empleado_cualificado,1,no,si,1
0_a_200_DM,18,pagados_hasta_ahora,educacion,1239,desconocido_sin_cuenta_ahorro,1_a_4_anios,4,hombre_soltero,ninguno,4,desconocido_sin_propiedad,61,ninguno,gratuita,1,empleado_cualificado,1,no,si,0
200_DM_o_mas,12,pagados_hasta_ahora,radio_tv,3399,desconocido_sin_cuenta_ahorro,7_anios_o_mas,2,hombre_soltero,ninguno,3,coche_u_otro,37,ninguno,propia,1,directivo_autonomo_alta_cualificacion,1,no,si,0
200_DM_o_mas,12,retraso_en_pagos_previos,coche_nuevo,2247,menos_de_100_DM,1_a_4_anios,2,mujer_divorciada_separada_casada,ninguno,2,coche_u_otro,36,tiendas,propia,2,empleado_cualificado,1,si,si,0
sin_cuenta_corriente,6,pagados_hasta_ahora,mobiliario,1766,menos_de_100_DM,1_a_4_anios,1,hombre_casado_viudo,ninguno,2,seguro_vida_o_similar,21,ninguno,alquiler,1,empleado_cualificado,1,no,si,0
menos_de_0_DM,18,pagados_hasta_ahora,mobiliario,2473,menos_de_100_DM,desempleado,4,hombre_soltero,ninguno,1,coche_u_otro,25,ninguno,propia,1,no_cualificado_no_residente,1,no,si,1
sin_cuenta_corriente,12,pagados_hasta_ahora,negocio,1542,menos_de_100_DM,4_a_7_anios,2,hombre_soltero,ninguno,4,coche_u_otro,36,ninguno,propia,1,empleado_cualificado,1,si,si,0
sin_cuenta_corriente,18,cuenta_critica_otros_bancos,coche_usado,3850,menos_de_100_DM,4_a_7_anios,3,hombre_soltero,ninguno,1,coche_u_otro,27,ninguno,propia,2,empleado_cualificado,1,no,si,0
menos_de_0_DM,18,pagados_hasta_ahora,mobiliario,3650,menos_de_100_DM,menos_de_1_anio,1,mujer_divorciada_separada_casada,ninguno,4,coche_u_otro,22,ninguno,alquiler,1,empleado_cualificado,1,no,si,0
menos_de_0_DM,36,pagados_hasta_ahora,mobiliario,3446,menos_de_100_DM,7_anios_o_mas,4,hombre_soltero,ninguno,2,coche_u_otro,42,ninguno,propia,1,empleado_cualificado,2,no,si,1
0_a_200_DM,18,pagados_hasta_ahora,mobiliario,3001,menos_de_100_DM,4_a_7_anios,2,mujer_divorciada_separada_casada,ninguno,4,inmueble,40,ninguno,alquiler,1,empleado_cualificado,1,no,si,0
sin_cuenta_corriente,36,pagados_hasta_ahora,coche_nuevo,3079,desconocido_sin_cuenta_ahorro,1_a_4_anios,4,hombre_soltero,ninguno,4,inmueble,36,ninguno,propia,1,empleado_cualificado,1,no,si,0
sin_cuenta_corriente,18,cuenta_critica_otros_bancos,radio_tv,6070,menos_de_100_DM,7_anios_o_mas,3,hombre_soltero,ninguno,4,coche_u_otro,33,ninguno,propia,2,empleado_cualificado,1,si,si,0
sin_cuenta_corriente,10,cuenta_critica_otros_bancos,mobiliario,2146,menos_de_100_DM,menos_de_1_anio,1,mujer_divorciada_separada_casada,ninguno,3,inmueble,23,ninguno,alquiler,2,empleado_cualificado,1,no,si,0
sin_cuenta_corriente,60,cuenta_critica_otros_bancos,coche_nuevo,13756,desconocido_sin_cuenta_ahorro,7_anios_o_mas,2,hombre_soltero,ninguno,4,desconocido_sin_propiedad,63,banco,gratuita,1,directivo_autonomo_alta_cualificacion,1,si,si,0
0_a_200_DM,60,todos_pagados_en_este_banco,otros,14782,100_a_500_DM,7_anios_o_mas,3,mujer_divorciada_separada_casada,ninguno,4,desconocido_sin_propiedad,60,banco,gratuita,2,directivo_autonomo_alta_cualificacion,1,si,si,1
menos_de_0_DM,48,todos_pagados_en_este_banco,negocio,7685,menos_de_100_DM,4_a_7_anios,2,mujer_divorciada_separada_casada,avalista,4,coche_u_otro,37,ninguno,alquiler,1,empleado_cualificado,1,no,si,1
sin_cuenta_corriente,18,retraso_en_pagos_previos,radio_tv,2320,menos_de_100_DM,desempleado,2,hombre_casado_viudo,ninguno,3,inmueble,34,ninguno,propia,2,empleado_cualificado,1,no,si,0
sin_cuenta_corriente,7,retraso_en_pagos_previos,radio_tv,846,desconocido_sin_cuenta_ahorro,7_anios_o_mas,3,hombre_soltero,ninguno,4,desconocido_sin_propiedad,36,ninguno,gratuita,1,empleado_cualificado,1,no,si,0
0_a_200_DM,36,pagados_hasta_ahora,coche_nuevo,14318,menos_de_100_DM,7_anios_o_mas,4,hombre_soltero,ninguno,2,desconocido_sin_propiedad,57,ninguno,gratuita,1,directivo_autonomo_alta_cualificacion,1,si,si,1
sin_cuenta_corriente,6,cuenta_critica_otros_bancos,coche_nuevo,362,100_a_500_DM,1_a_4_anios,4,mujer_divorciada_separada_casada,ninguno,4,coche_u_otro,52,ninguno,propia,2,no_cualificado_residente,1,no,si,0
menos_de_0_DM,20,pagados_hasta_ahora,mobiliario,2212,desconocido_sin_cuenta_ahorro,4_a_7_anios,4,hombre_soltero,ninguno,4,coche_u_otro,39,ninguno,propia,1,empleado_cualificado,1,si,si,0
0_a_200_DM,18,pagados_hasta_ahora,coche_usado,12976,menos_de_100_DM,desempleado,3,mujer_divorciada_separada_casada,ninguno,4,desconocido_sin_propiedad,38,ninguno,gratuita,1,directivo_autonomo_alta_cualificacion,1,si,si,1
sin_cuenta_corriente,22,pagados_hasta_ahora,coche_nuevo,1283,desconocido_sin_cuenta_ahorro,4_a_7_anios,4,mujer_divorciada_separada_casada,ninguno,4,seguro_vida_o_similar,25,ninguno,alquiler,1,empleado_cualificado,1,no,si,0
200_DM_o_mas,12,pagados_hasta_ahora,coche_nuevo,1330,menos_de_100_DM,menos_de_1_anio,4,hombre_soltero,ninguno,1,inmueble,26,ninguno,propia,1,empleado_cualificado,1,no,si,0
sin_cuenta_corriente,30,retraso_en_pagos_previos,negocio,4272,100_a_500_DM,1_a_4_anios,2,hombre_soltero,ninguno,2,seguro_vida_o_similar,26,ninguno,propia,2,no_cualificado_residente,1,no,si,0
sin_cuenta_corriente,18,cuenta_critica_otros_bancos,radio_tv,2238,menos_de_100_DM,1_a_4_anios,2,mujer_divorciada_separada_casada,ninguno,1,coche_u_otro,25,ninguno,propia,2,empleado_cualificado,1,no,si,0
sin_cuenta_corriente,18,pagados_hasta_ahora,radio_tv,1126,desconocido_sin_cuenta_ahorro,menos_de_1_anio,4,mujer_divorciada_separada_casada,ninguno,2,inmueble,21,ninguno,alquiler,1,empleado_cualificado,1,si,si,0
0_a_200_DM,18,cuenta_critica_otros_bancos,mobiliario,7374,menos_de_100_DM,desempleado,4,hombre_soltero,ninguno,4,seguro_vida_o_similar,40,tiendas,propia,2,directivo_autonomo_alta_cualificacion,1,si,si,0
0_a_200_DM,15,cuenta_critica_otros_bancos,negocio,2326,500_a_1000_DM,1_a_4_anios,2,hombre_soltero,ninguno,4,coche_u_otro,27,banco,propia,1,empleado_cualificado,1,no,si,0
sin_cuenta_corriente,18,pagados_hasta_ahora,coche_nuevo,1820,menos_de_100_DM,1_a_4_anios,2,hombre_casado_viudo,ninguno,2,seguro_vida_o_similar,30,ninguno,propia,1,directivo_autonomo_alta_cualificacion,1,si,si,0
0_a_200_DM,12,pagados_hasta_ahora,mobiliario,983,1000_DM_o_mas,menos_de_1_anio,1,mujer_divorciada_separada_casada,ninguno,4,inmueble,19,ninguno,alquiler,1,no_cualificado_residente,1,no,si,0
menos_de_0_DM,36,pagados_hasta_ahora,coche_nuevo,3249,menos_de_100_DM,4_a_7_anios,2,hombre_soltero,ninguno,4,desconocido_sin_propiedad,39,banco,gratuita,1,directivo_autonomo_alta_cualificacion,2,si,si,0
menos_de_0_DM,6,cuenta_critica_otros_bancos,radio_tv,1957,menos_de_100_DM,4_a_7_anios,1,mujer_divorciada_separada_casada,ninguno,4,coche_u_otro,31,ninguno,propia,1,empleado_cualificado,1,no,si,0
sin_cuenta_corriente,9,cuenta_critica_otros_bancos,mobiliario,2406,menos_de_100_DM,desempleado,2,hombre_soltero,ninguno,3,coche_u_otro,31,ninguno,propia,1,directivo_autonomo_alta_cualificacion,1,no,si,0
0_a_200_DM,39,retraso_en_pagos_previos,educacion,11760,100_a_500_DM,4_a_7_anios,2,hombre_soltero,ninguno,3,desconocido_sin_propiedad,32,ninguno,alquiler,1,empleado_cualificado,1,si,si,0
menos_de_0_DM,12,pagados_hasta_ahora,mobiliario,2578,menos_de_100_DM,desempleado,3,mujer_divorciada_separada_casada,ninguno,4,desconocido_sin_propiedad,55,ninguno,gratuita,1,directivo_autonomo_alta_cualificacion,1,no,si,0
menos_de_0_DM,36,cuenta_critica_otros_bancos,mobiliario,2348,menos_de_100_DM,1_a_4_anios,3,hombre_casado_viudo,ninguno,2,seguro_vida_o_similar,46,ninguno,propia,2,empleado_cualificado,1,si,si,0
0_a_200_DM,12,pagados_hasta_ahora,coche_nuevo,1223,menos_de_100_DM,7_anios_o_mas,1,hombre_divorciado_separado,ninguno,1,inmueble,46,ninguno,alquiler,2,empleado_cualificado,1,no,si,1
sin_cuenta_corriente,24,cuenta_critica_otros_bancos,radio_tv,1516,1000_DM_o_mas,1_a_4_anios,4,mujer_divorciada_separada_casada,ninguno,1,inmueble,43,ninguno,propia,2,no_cualificado_residente,1,no,si,0
sin_cuenta_corriente,18,pagados_hasta_ahora,radio_tv,1473,menos_de_100_DM,menos_de_1_anio,3,hombre_casado_viudo,ninguno,4,inmueble,39,ninguno,propia,1,empleado_cualificado,1,si,si,0
0_a_200_DM,18,cuenta_critica_otros_bancos,negocio,1887,desconocido_sin_cuenta_ahorro,1_a_4_anios,4,hombre_casado_viudo,ninguno,4,inmueble,28,banco,propia,2,empleado_cualificado,1,no,si,0
sin_cuenta_corriente,24,retraso_en_pagos_previos,negocio,8648,menos_de_100_DM,menos_de_1_anio,2,hombre_soltero,ninguno,2,coche_u_otro,27,banco,propia,2,empleado_cualificado,1,si,si,1
sin_cuenta_corriente,14,retraso_en_pagos_previos,coche_nuevo,802,menos_de_100_DM,1_a_4_anios,4,hombre_soltero,ninguno,2,coche_u_otro,27,ninguno,propia,2,no_cualificado_residente,1,no,si,0
0_a_200_DM,18,retraso_en_pagos_previos,coche_nuevo,2899,desconocido_sin_cuenta_ahorro,7_anios_o_mas,4,hombre_soltero,ninguno,4,coche_u_otro,43,ninguno,propia,1,empleado_cualificado,2,no,si,0
0_a_200_DM,24,pagados_hasta_ahora,radio_tv,2039,menos_de_100_DM,menos_de_1_anio,1,hombre_casado_viudo,ninguno,1,seguro_vida_o_similar,22,ninguno,propia,1,empleado_cualificado,1,si,si,1
sin_cuenta_corriente,24,cuenta_critica_otros_bancos,coche_usado,2197,desconocido_sin_cuenta_ahorro,4_a_7_anios,4,hombre_soltero,ninguno,4,coche_u_otro,43,ninguno,propia,2,empleado_cualificado,2,si,si,0
menos_de_0_DM,15,pagados_hasta_ahora,radio_tv,1053,menos_de_100_DM,menos_de_1_anio,4,hombre_casado_viudo,ninguno,2,inmueble,27,ninguno,propia,1,empleado_cualificado,1,no,no,0
sin_cuenta_corriente,24,pagados_hasta_ahora,radio_tv,3235,500_a_1000_DM,7_anios_o_mas,3,hombre_divorciado_separado,ninguno,2,coche_u_otro,26,ninguno,propia,1,directivo_autonomo_alta_cualificacion,1,si,si,0
200_DM_o_mas,12,cuenta_critica_otros_bancos,coche_nuevo,939,500_a_1000_DM,4_a_7_anios,4,hombre_casado_viudo,ninguno,2,inmueble,28,ninguno,propia,3,empleado_cualificado,1,si,si,1
0_a_200_DM,24,pagados_hasta_ahora,radio_tv,1967,menos_de_100_DM,7_anios_o_mas,4,mujer_divorciada_separada_casada,ninguno,4,coche_u_otro,20,ninguno,propia,1,empleado_cualificado,1,si,si,0
sin_cuenta_corriente,33,cuenta_critica_otros_bancos,coche_usado,7253,menos_de_100_DM,4_a_7_anios,3,hombre_soltero,ninguno,2,coche_u_otro,35,ninguno,propia,2,directivo_autonomo_alta_cualificacion,1,si,si,0
sin_cuenta_corriente,12,cuenta_critica_otros_bancos,negocio,2292,menos_de_100_DM,desempleado,4,hombre_soltero,ninguno,2,coche_u_otro,42,tiendas,propia,2,directivo_autonomo_alta_cualificacion,1,si,si,1
sin_cuenta_corriente,10,pagados_hasta_ahora,coche_nuevo,1597,500_a_1000_DM,1_a_4_anios,3,hombre_soltero,ninguno,2,desconocido_sin_propiedad,40,ninguno,alquiler,1,no_cualificado_residente,2,no,no,0
menos_de_0_DM,24,pagados_hasta_ahora,coche_nuevo,1381,desconocido_sin_cuenta_ahorro,1_a_4_anios,4,mujer_divorciada_separada_casada,ninguno,2,seguro_vida_o_similar,35,ninguno,propia,1,empleado_cualificado,1,no,si,1
sin_cuenta_corriente,36,cuenta_critica_otros_bancos,coche_usado,5842,menos_de_100_DM,7_anios_o_mas,2,hombre_soltero,ninguno,2,seguro_vida_o_similar,35,ninguno,propia,2,empleado_cualificado,2,si,si,0
menos_de_0_DM,12,pagados_hasta_ahora,coche_nuevo,2579,menos_de_100_DM,menos_de_1_anio,4,hombre_soltero,ninguno,1,inmueble,33,ninguno,propia,1,no_cualificado_residente,2,no,si,1
menos_de_0_DM,18,retraso_en_pagos_previos,educacion,8471,desconocido_sin_cuenta_ahorro,1_a_4_anios,1,mujer_divorciada_separada_casada,ninguno,2,coche_u_otro,23,ninguno,alquiler,2,empleado_cualificado,1,si,si,0
sin_cuenta_corriente,21,pagados_hasta_ahora,coche_nuevo,2782,500_a_1000_DM,4_a_7_anios,1,mujer_divorciada_separada_casada,ninguno,2,coche_u_otro,31,banco,propia,1,directivo_autonomo_alta_cualificacion,1,no,si,0
0_a_200_DM,18,pagados_hasta_ahora,coche_nuevo,1042,desconocido_sin_cuenta_ahorro,1_a_4_anios,4,mujer_divorciada_separada_casada,ninguno,2,seguro_vida_o_similar,33,ninguno,propia,1,empleado_cualificado,1,no,si,1
sin_cuenta_corriente,15,pagados_hasta_ahora,coche_nuevo,3186,1000_DM_o_mas,4_a_7_anios,2,mujer_divorciada_separada_casada,ninguno,3,coche_u_otro,20,ninguno,alquiler,1,empleado_cualificado,1,no,si,0
0_a_200_DM,12,pagados_hasta_ahora,coche_usado,2028,desconocido_sin_cuenta_ahorro,1_a_4_anios,4,hombre_soltero,ninguno,2,coche_u_otro,30,ninguno,propia,1,empleado_cualificado,1,no,si,0
0_a_200_DM,12,cuenta_critica_otros_bancos,coche_nuevo,958,menos_de_100_DM,4_a_7_anios,2,hombre_soltero,ninguno,3,inmueble,47,ninguno,propia,2,no_cualificado_residente,2,no,si,0
sin_cuenta_corriente,21,retraso_en_pagos_previos,mobiliario,1591,100_a_500_DM,4_a_7_anios,4,hombre_soltero,ninguno,3,inmueble,34,ninguno,propia,2,directivo_autonomo_alta_cualificacion,1,no,si,0
0_a_200_DM,12,pagados_hasta_ahora,mobiliario,2762,desconocido_sin_cuenta_ahorro,7_anios_o_mas,1,mujer_divorciada_separada_casada,ninguno,2,seguro_vida_o_similar,25,banco,propia,1,empleado_cualificado,1,si,si,1
0_a_200_DM,18,pagados_hasta_ahora,coche_usado,2779,menos_de_100_DM,1_a_4_anios,1,hombre_casado_viudo,ninguno,3,coche_u_otro,21,ninguno,alquiler,1,empleado_cualificado,1,,si,0
sin_cuenta_corriente,28,cuenta_critica_otros_bancos,radio_tv,2743,menos_de_100_DM,7_anios_o_mas,4,hombre_soltero,ninguno,2,coche_u_otro,29,ninguno,propia,2,empleado_cualificado,1,no,si,0
sin_cuenta_corriente,18,cuenta_critica_otros_bancos,radio_tv,1149,1000_DM_o_mas,1_a_4_anios,4,hombre_soltero,ninguno,3,inmueble,46,ninguno,propia,2,empleado_cualificado,1,no,si,0
sin_cuenta_corriente,9,pagados_hasta_ahora,mobiliario,1313,menos_de_100_DM,7_anios_o_mas,1,hombre_soltero,ninguno,4,coche_u_otro,20,ninguno,propia,1,empleado_cualificado,1,no,si,0
menos_de_0_DM,18,cuenta_critica_otros_bancos,reparaciones,1190,menos_de_100_DM,desempleado,2,mujer_divorciada_separada_casada,ninguno,4,desconocido_sin_propiedad,55,ninguno,gratuita,3,no_cualificado_no_residente,2,no,si,1
sin_cuenta_corriente,5,pagados_hasta_ahora,negocio,3448,menos_de_100_DM,4_a_7_anios,1,hombre_soltero,ninguno,4,inmueble,74,ninguno,propia,1,no_cualificado_residente,1,no,si,0
0_a_200_DM,24,pagados_hasta_ahora,otros,11328,menos_de_100_DM,1_a_4_anios,2,hombre_soltero,codeudor,3,coche_u_otro,29,banco,propia,2,directivo_autonomo_alta_cualificacion,1,si,si,1
menos_de_0_DM,6,cuenta_critica_otros_bancos,mobiliario,1872,menos_de_100_DM,desempleado,4,hombre_soltero,ninguno,4,desconocido_sin_propiedad,36,ninguno,gratuita,3,directivo_autonomo_alta_cualificacion,1,si,si,0
sin_cuenta_corriente,24,cuenta_critica_otros_bancos,reparaciones,2058,menos_de_100_DM,1_a_4_anios,4,hombre_divorciado_separado,ninguno,2,inmueble,33,ninguno,propia,2,empleado_cualificado,1,si,si,0
menos_de_0_DM,9,pagados_hasta_ahora,mobiliario,2136,menos_de_100_DM,1_a_4_anios,3,hombre_soltero,ninguno,2,inmueble,25,ninguno,propia,1,empleado_cualificado,1,no,si,0
0_a_200_DM,12,pagados_hasta_ahora,radio_tv,1484,desconocido_sin_cuenta_ahorro,1_a_4_anios,2,hombre_casado_viudo,ninguno,1,inmueble,25,ninguno,propia,1,empleado_cualificado,1,si,si,1
sin_cuenta_corriente,6,pagados_hasta_ahora,reparaciones,660,500_a_1000_DM,4_a_7_anios,2,hombre_casado_viudo,ninguno,4,inmueble,23,ninguno,alquiler,1,no_cualificado_residente,1,no,si,0
sin_cuenta_corriente,24,cuenta_critica_otros_bancos,coche_nuevo,1287,1000_DM_o_mas,7_anios_o_mas,4,mujer_divorciada_separada_casada,ninguno,4,inmueble,37,ninguno,propia,2,empleado_cualificado,1,si,si,0
menos_de_0_DM,42,cuenta_critica_otros_bancos,reparaciones,3394,menos_de_100_DM,desempleado,4,hombre_soltero,codeudor,4,coche_u_otro,65,ninguno,propia,2,no_cualificado_no_residente,1,no,si,0
200_DM_o_mas,12,todos_pagados_en_este_banco,negocio,609,menos_de_100_DM,menos_de_1_anio,4,mujer_divorciada_separada_casada,ninguno,1,inmueble,26,ninguno,propia,1,no_cualificado_no_residente,1,no,si,1
sin_cuenta_corriente,12,pagados_hasta_ahora,coche_nuevo,1884,menos_de_100_DM,7_anios_o_mas,4,hombre_soltero,ninguno,4,coche_u_otro,39,ninguno,propia,1,directivo_autonomo_alta_cualificacion,1,si,si,0
menos_de_0_DM,12,pagados_hasta_ahora,mobiliario,1620,menos_de_100_DM,1_a_4_anios,2,mujer_divorciada_separada_casada,codeudor,3,seguro_vida_o_similar,30,ninguno,propia,1,empleado_cualificado,1,no,si,0
0_a_200_DM,20,retraso_en_pagos_previos,otros,2629,menos_de_100_DM,1_a_4_anios,2,hombre_soltero,ninguno,3,coche_u_otro,29,banco,propia,2,empleado_cualificado,1,si,si,0
sin_cuenta_corriente,12,pagados_hasta_ahora,educacion,719,menos_de_100_DM,7_anios_o_mas,4,hombre_soltero,ninguno,4,coche_u_otro,41,banco,propia,1,no_cualificado_residente,2,no,si,1
0_a_200_DM,48,cuenta_critica_otros_bancos,mobiliario,5096,menos_de_100_DM,1_a_4_anios,2,mujer_divorciada_separada_casada,ninguno,3,coche_u_otro,30,ninguno,propia,1,directivo_autonomo_alta_cualificacion,1,si,si,1
sin_cuenta_corriente,9,cuenta_critica_otros_bancos,educacion,1244,desconocido_sin_cuenta_ahorro,7_anios_o_mas,4,mujer_divorciada_separada_casada,ninguno,4,seguro_vida_o_similar,41,ninguno,alquiler,2,no_cualificado_residente,1,no,si,0
menos_de_0_DM,36,pagados_hasta_ahora,coche_nuevo,1842,menos_de_100_DM,menos_de_1_anio,4,mujer_divorciada_separada_casada,ninguno,4,coche_u_otro,34,ninguno,propia,1,empleado_cualificado,1,si,si,1
0_a_200_DM,7,pagados_hasta_ahora,radio_tv,2576,menos_de_100_DM,1_a_4_anios,2,hombre_soltero,avalista,2,inmueble,35,ninguno,propia,1,empleado_cualificado,1,no,si,0
200_DM_o_mas,12,pagados_hasta_ahora,mobiliario,1424,desconocido_sin_cuenta_ahorro,7_anios_o_mas,3,mujer_divorciada_separada_casada,ninguno,4,inmueble,55,ninguno,propia,1,directivo_autonomo_alta_cualificacion,1,si,si,0
0_a_200_DM,15,retraso_en_pagos_previos,reparaciones,1512,1000_DM_o_mas,1_a_4_anios,3,hombre_casado_viudo,ninguno,3,seguro_vida_o_similar,61,tiendas,propia,2,empleado_cualificado,1,no,si,1
sin_cuenta_corriente,36,cuenta_critica_otros_bancos,coche_usado,11054,desconocido_sin_cuenta_ahorro,1_a_4_anios,4,hombre_soltero,ninguno,2,coche_u_otro,30,ninguno,propia,1,directivo_autonomo_alta_cualificacion,1,si,si,0
sin_cuenta_corriente,6,pagados_hasta_ahora,radio_tv,518,menos_de_100_DM,1_a_4_anios,3,mujer_divorciada_separada_casada,ninguno,1,inmueble,29,ninguno,propia,1,empleado_cualificado,1,no,si,0
sin_cuenta_corriente,12,sin_creditos_previos,mobiliario,2759,menos_de_100_DM,7_anios_o_mas,2,hombre_soltero,ninguno,4,seguro_vida_o_similar,34,ninguno,propia,2,empleado_cualificado,1,no,si,0
sin_cuenta_corriente,24,pagados_hasta_ahora,coche_usado,2670,menos_de_100_DM,7_anios_o_mas,4,hombre_soltero,ninguno,4,coche_u_otro,35,ninguno,propia,1,directivo_autonomo_alta_cualificacion,1,si,si,0
menos_de_0_DM,24,pagados_hasta_ahora,coche_nuevo,4817,menos_de_100_DM,4_a_7_anios,2,hombre_soltero,codeudor,3,seguro_vida_o_similar,31,ninguno,propia,1,empleado_cualificado,1,si,si,1
sin_cuenta_corriente,24,pagados_hasta_ahora,coche_usado,2679,menos_de_100_DM,menos_de_1_anio,4,mujer_divorciada_separada_casada,ninguno,1,desconocido_sin_propiedad,29,ninguno,propia,1,directivo_autonomo_alta_cualificacion,1,si,si,0
menos_de_0_DM,11,cuenta_critica_otros_bancos,coche_nuevo,3905,menos_de_100_DM,1_a_4_anios,2,hombre_soltero,ninguno,2,inmueble,36,ninguno,alquiler,2,empleado_cualificado,2,no,si,0
menos_de_0_DM,12,pagados_hasta_ahora,coche_usado,3386,menos_de_100_DM,7_anios_o_mas,3,hombre_soltero,ninguno,4,desconocido_sin_propiedad,35,ninguno,gratuita,1,empleado_cualificado,1,si,si,1
menos_de_0_DM,6,pagados_hasta_ahora,electrodomesticos,343,menos_de_100_DM,menos_de_1_anio,4,mujer_divorciada_separada_casada,ninguno,1,inmueble,27,ninguno,propia,1,empleado_cualificado,1,no,si,0
sin_cuenta_corriente,18,pagados_hasta_ahora,radio_tv,4594,menos_de_100_DM,menos_de_1_anio,3,hombre_soltero,ninguno,2,coche_u_otro,32,ninguno,propia,1,empleado_cualificado,1,si,si,0
menos_de_0_DM,36,pagados_hasta_ahora,mobiliario,3620,menos_de_100_DM,1_a_4_anios,1,hombre_soltero,avalista,2,seguro_vida_o_similar,37,ninguno,propia,1,empleado_cualificado,2,no,si,0
menos_de_0_DM,15,pagados_hasta_ahora,coche_nuevo,1721,menos_de_100_DM,menos_de_1_anio,2,hombre_soltero,ninguno,3,inmueble,36,ninguno,propia,1,empleado_cualificado,1,no,si,0
0_a_200_DM,12,pagados_hasta_ahora,mobiliario,3017,menos_de_100_DM,menos_de_1_anio,3,mujer_divorciada_separada_casada,ninguno,1,inmueble,34,ninguno,alquiler,1,directivo_autonomo_alta_cualificacion,1,no,si,0
0_a_200_DM,12,pagados_hasta_ahora,reciclaje_profesional,754,desconocido_sin_cuenta_ahorro,7_anios_o_mas,4,hombre_soltero,ninguno,4,seguro_vida_o_similar,38,ninguno,propia,2,empleado_cualificado,1,,si,0
sin_cuenta_corriente,18,pagados_hasta_ahora,negocio,1950,menos_de_100_DM,4_a_7_anios,4,hombre_soltero,ninguno,1,coche_u_otro,34,tiendas,propia,2,empleado_cualificado,1,si,si,0
menos_de_0_DM,24,pagados_hasta_ahora,coche_usado,2924,menos_de_100_DM,1_a_4_anios,3,hombre_soltero,avalista,4,desconocido_sin_propiedad,63,banco,propia,1,empleado_cualificado,2,si,si,0
menos_de_0_DM,24,retraso_en_pagos_previos,radio_tv,1659,menos_de_100_DM,menos_de_1_anio,4,mujer_divorciada_separada_casada,ninguno,2,coche_u_otro,29,ninguno,alquiler,1,no_cualificado_residente,1,si,si,1
sin_cuenta_corriente,48,retraso_en_pagos_previos,radio_tv,7238,desconocido_sin_cuenta_ahorro,7_anios_o_mas,3,hombre_soltero,ninguno,3,coche_u_otro,32,banco,propia,2,empleado_cualificado,2,no,si,0
sin_cuenta_corriente,33,retraso_en_pagos_previos,negocio,2764,menos_de_100_DM,1_a_4_anios,2,mujer_divorciada_separada_casada,ninguno,2,coche_u_otro,26,ninguno,propia,2,empleado_cualificado,1,si,si,0
sin_cuenta_corriente,24,retraso_en_pagos_previos,coche_usado,4679,menos_de_100_DM,4_a_7_anios,3,hombre_soltero,ninguno,3,coche_u_otro,35,ninguno,propia,2,no_cualificado_residente,1,si,si,0
0_a_200_DM,24,pagados_hasta_ahora,radio_tv,3092,100_a_500_DM,menos_de_1_anio,3,hombre_casado_viudo,ninguno,2,coche_u_otro,22,ninguno,alquiler,1,empleado_cualificado,1,si,si,1
menos_de_0_DM,6,pagados_hasta_ahora,educacion,448,menos_de_100_DM,menos_de_1_anio,4,mujer_divorciada_separada_casada,ninguno,4,seguro_vida_o_similar,23,ninguno,propia,1,empleado_cualificado,1,no,si,1
menos_de_0_DM,9,pagados_hasta_ahora,coche_nuevo,654,menos_de_100_DM,1_a_4_anios,4,hombre_soltero,ninguno,3,coche_u_otro,28,ninguno,propia,1,no_cualificado_residente,1,no,si,1
sin_cuenta_corriente,6,pagados_hasta_ahora,reciclaje_profesional,1238,desconocido_sin_cuenta_ahorro,desempleado,4,hombre_soltero,ninguno,4,seguro_vida_o_similar,36,ninguno,propia,1,directivo_autonomo_alta_cualificacion,2,si,si,0
0_a_200_DM,18,cuenta_critica_otros_bancos,radio_tv,1245,menos_de_100_DM,1_a_4_anios,4,hombre_casado_viudo,ninguno,2,coche_u_otro,33,ninguno,propia,1,empleado_cualificado,1,no,si,1
menos_de_0_DM,18,sin_creditos_previos,mobiliario,3114,menos_de_100_DM,menos_de_1_anio,1,mujer_divorciada_separada_casada,ninguno,4,seguro_vida_o_similar,26,ninguno,alquiler,1,empleado_cualificado,1,no,si,1
sin_cuenta_corriente,39,pagados_hasta_ahora,coche_usado,2569,500_a_1000_DM,1_a_4_anios,4,hombre_soltero,ninguno,4,coche_u_otro,24,ninguno,propia,1,empleado_cualificado,1,no,si,0
200_DM_o_mas,24,pagados_hasta_ahora,radio_tv,5152,menos_de_100_DM,4_a_7_anios,4,hombre_soltero,ninguno,2,coche_u_otro,25,banco,propia,1,empleado_cualificado,1,no,si,0
0_a_200_DM,12,pagados_hasta_ahora,negocio,1037,100_a_500_DM,4_a_7_anios,3,hombre_soltero,ninguno,4,inmueble,39,ninguno,propia,1,no_cualificado_residente,1,no,si,0
menos_de_0_DM,15,cuenta_critica_otros_bancos,mobiliario,1478,menos_de_100_DM,7_anios_o_mas,4,hombre_soltero,ninguno,4,coche_u_otro,44,ninguno,propia,2,empleado_cualificado,2,si,si,0
0_a_200_DM,12,cuenta_critica_otros_bancos,radio_tv,3573,menos_de_100_DM,1_a_4_anios,1,mujer_divorciada_separada_casada,ninguno,1,inmueble,23,ninguno,propia,1,no_cualificado_residente,1,no,si,0
0_a_200_DM,24,pagados_hasta_ahora,coche_nuevo,1201,menos_de_100_DM,menos_de_1_anio,4,hombre_soltero,ninguno,1,seguro_vida_o_similar,26,ninguno,propia,1,empleado_cualificado,1,no,si,0
menos_de_0_DM,30,pagados_hasta_ahora,mobiliario,3622,1000_DM_o_mas,7_anios_o_mas,4,mujer_divorciada_separada_casada,ninguno,4,seguro_vida_o_similar,57,ninguno,alquiler,2,empleado_cualificado,1,si,si,0
sin_cuenta_corriente,15,retraso_en_pagos_previos,mobiliario,960,1000_DM_o_mas,4_a_7_anios,3,mujer_divorciada_separada_casada,ninguno,2,seguro_vida_o_similar,30,ninguno,propia,2,empleado_cualificado,1,no,si,0
sin_cuenta_corriente,12,cuenta_critica_otros_bancos,coche_nuevo,1163,500_a_1000_DM,1_a_4_anios,4,hombre_soltero,ninguno,4,inmueble,44,ninguno,propia,1,empleado_cualificado,1,si,si,0
0_a_200_DM,6,retraso_en_pagos_previos,coche_nuevo,1209,menos_de_100_DM,desempleado,4,hombre_soltero,ninguno,4,seguro_vida_o_similar,47,ninguno,propia,1,directivo_autonomo_alta_cualificacion,1,si,si,1
sin_cuenta_corriente,12,pagados_hasta_ahora,radio_tv,3077,menos_de_100_DM,1_a_4_anios,2,hombre_soltero,ninguno,4,coche_u_otro,52,ninguno,propia,1,empleado_cualificado,1,si,si,0
sin_cuenta_corriente,24,pagados_hasta_ahora,coche_nuevo,3757,menos_de_100_DM,7_anios_o_mas,4,mujer_divorciada_separada_casada,codeudor,4,desconocido_sin_propiedad,62,ninguno,gratuita,1,empleado_cualificado,1,si,si,0
sin_cuenta_corriente,10,pagados_hasta_ahora,coche_nuevo,1418,100_a_500_DM,1_a_4_anios,3,hombre_soltero,ninguno,2,inmueble,35,ninguno,alquiler,1,no_cualificado_residente,1,no,no,0
sin_cuenta_corriente,6,pagados_hasta_ahora,coche_nuevo,3518,menos_de_100_DM,1_a_4_anios,2,hombre_soltero,avalista,3,seguro_vida_o_similar,26,ninguno,alquiler,1,empleado_cualificado,1,no,si,0
sin_cuenta_corriente,12,cuenta_critica_otros_bancos,radio_tv,1934,menos_de_100_DM,7_anios_o_mas,2,hombre_soltero,ninguno,2,desconocido_sin_propiedad,26,ninguno,propia,2,empleado_cualificado,1,no,si,0
0_a_200_DM,27,sin_creditos_previos,negocio,8318,menos_de_100_DM,7_anios_o_mas,2,mujer_divorciada_separada_casada,ninguno,4,desconocido_sin_propiedad,42,ninguno,gratuita,2,directivo_autonomo_alta_cualificacion,1,si,si,1
sin_cuenta_corriente,6,cuenta_critica_otros_bancos,radio_tv,1237,100_a_500_DM,1_a_4_anios,1,mujer_divorciada_separada_casada,ninguno,1,seguro_vida_o_similar,27,ninguno,propia,2,empleado_cualificado,1,no,si,0
0_a_200_DM,6,pagados_hasta_ahora,radio_tv,368,desconocido_sin_cuenta_ahorro,7_anios_o_mas,4,hombre_soltero,ninguno,4,seguro_vida_o_similar,38,ninguno,propia,1,empleado_cualificado,1,no,si,0
menos_de_0_DM,12,cuenta_critica_otros_bancos,coche_nuevo,2122,menos_de_100_DM,1_a_4_anios,3,hombre_soltero,ninguno,2,inmueble,39,ninguno,alquiler,2,no_cualificado_residente,2,no,no,0
menos_de_0_DM,24,pagados_hasta_ahora,mobiliario,2996,desconocido_sin_cuenta_ahorro,1_a_4_anios,2,hombre_casado_viudo,ninguno,4,coche_u_otro,20,ninguno,propia,1,empleado_cualificado,1,no,si,1
0_a_200_DM,36,pagados_hasta_ahora,mobiliario,9034,100_a_500_DM,menos_de_1_anio,4,hombre_soltero,codeudor,1,desconocido_sin_propiedad,29,ninguno,alquiler,1,directivo_autonomo_alta_cualificacion,1,si,si,1
sin_cuenta_corriente,24,cuenta_critica_otros_bancos,mobiliario,1585,menos_de_100_DM,4_a_7_anios,4,hombre_soltero,ninguno,3,seguro_vida_o_similar,40,ninguno,propia,2,empleado_cualificado,1,no,si,0
0_a_200_DM,18,pagados_hasta_ahora,radio_tv,1301,menos_de_100_DM,7_anios_o_mas,4,hombre_casado_viudo,avalista,2,inmueble,32,ninguno,propia,1,no_cualificado_residente,1,no,si,0
200_DM_o_mas,6,cuenta_critica_otros_bancos,coche_nuevo,1323,100_a_500_DM,7_anios_o_mas,2,hombre_divorciado_separado,ninguno,4,coche_u_otro,28,ninguno,propia,2,empleado_cualificado,2,si,si,0
menos_de_0_DM,24,pagados_hasta_ahora,coche_nuevo,3123,menos_de_100_DM,menos_de_1_anio,4,mujer_divorciada_separada_casada,ninguno,1,seguro_vida_o_similar,27,ninguno,propia,1,empleado_cualificado,1,no,si,1
menos_de_0_DM,36,pagados_hasta_ahora,coche_usado,5493,menos_de_100_DM,7_anios_o_mas,2,hombre_soltero,ninguno,4,desconocido_sin_propiedad,42,ninguno,gratuita,1,empleado_cualificado,2,no,si,0
200_DM_o_mas,9,pagados_hasta_ahora,radio_tv,1126,100_a_500_DM,7_anios_o_mas,2,hombre_divorciado_separado,ninguno,4,inmueble,49,ninguno,propia,1,empleado_cualificado,1,no,,0
0_a_200_DM,24,cuenta_critica_otros_bancos,radio_tv,1216,100_a_500_DM,menos_de_1_anio,4,hombre_soltero,ninguno,4,desconocido_sin_propiedad,38,banco,propia,2,empleado_cualificado,2,no,si,1
menos_de_0_DM,24,pagados_hasta_ahora,coche_nuevo,1207,menos_de_100_DM,menos_de_1_anio,4,mujer_divorciada_separada_casada,ninguno,4,seguro_vida_o_similar,24,ninguno,alquiler,1,empleado_cualificado,1,no,si,1
sin_cuenta_corriente,10,pagados_hasta_ahora,coche_nuevo,1309,desconocido_sin_cuenta_ahorro,1_a_4_anios,4,hombre_soltero,avalista,4,seguro_vida_o_similar,27,ninguno,propia,1,no_cualificado_residente,1,no,si,1
200_DM_o_mas,15,cuenta_critica_otros_bancos,coche_usado,2360,500_a_1000_DM,1_a_4_anios,2,hombre_soltero,ninguno,2,coche_u_otro,36,ninguno,propia,1,empleado_cualificado,1,si,si,0
0_a_200_DM,15,todos_pagados_en_este_banco,coche_nuevo,6850,100_a_500_DM,desempleado,1,hombre_soltero,ninguno,2,seguro_vida_o_similar,34,ninguno,propia,1,directivo_autonomo_alta_cualificacion,2,si,si,1
sin_cuenta_corriente,24,pagados_hasta_ahora,radio_tv,1413,menos_de_100_DM,1_a_4_anios,4,hombre_casado_viudo,ninguno,2,seguro_vida_o_similar,28,ninguno,propia,1,empleado_cualificado,1,no,si,0
sin_cuenta_corriente,39,pagados_hasta_ahora,coche_usado,8588,100_a_500_DM,7_anios_o_mas,4,hombre_soltero,ninguno,2,coche_u_otro,45,ninguno,propia,1,directivo_autonomo_alta_cualificacion,1,si,si,0
menos_de_0_DM,12,pagados_hasta_ahora,coche_nuevo,759,menos_de_100_DM,4_a_7_anios,4,hombre_soltero,ninguno,2,inmueble,26,ninguno,propia,1,empleado_cualificado,1,no,si,1
sin_cuenta_corriente,36,pagados_hasta_ahora,coche_usado,4686,menos_de_100_DM,1_a_4_anios,2,hombre_soltero,ninguno,2,desconocido_sin_propiedad,32,ninguno,gratuita,1,directivo_autonomo_alta_cualificacion,1,si,si,0
200_DM_o_mas,15,pagados_hasta_ahora,negocio,2687,menos_de_100_DM,4_a_7_anios,2,hombre_soltero,ninguno,4,seguro_vida_o_similar,26,ninguno,alquiler,1,empleado_cualificado,1,si,si,0
0_a_200_DM,12,retraso_en_pagos_previos,radio_tv,585,menos_de_100_DM,1_a_4_anios,4,hombre_casado_viudo,codeudor,4,inmueble,20,ninguno,alquiler,2,empleado_cualificado,1,no,si,0
sin_cuenta_corriente,24,pagados_hasta_ahora,coche_nuevo,2255,desconocido_sin_cuenta_ahorro,menos_de_1_anio,4,hombre_soltero,ninguno,1,seguro_vida_o_similar,54,ninguno,propia,1,empleado_cualificado,1,no,si,0
menos_de_0_DM,6,cuenta_critica_otros_bancos,coche_nuevo,609,menos_de_100_DM,4_a_7_anios,4,mujer_divorciada_separada_casada,ninguno,3,seguro_vida_o_similar,37,ninguno,propia,2,empleado_cualificado,1,no,no,0
menos_de_0_DM,6,cuenta_critica_otros_bancos,coche_nuevo,1361,menos_de_100_DM,menos_de_1_anio,2,hombre_soltero,ninguno,4,inmueble,40,ninguno,propia,1,no_cualificado_residente,2,no,no,0
sin_cuenta_corriente,36,cuenta_critica_otros_bancos,mobiliario,7127,menos_de_100_DM,menos_de_1_anio,2,mujer_divorciada_separada_casada,ninguno,4,seguro_vida_o_similar,23,ninguno,alquiler,2,empleado_cualificado,1,si,si,1
menos_de_0_DM,6,pagados_hasta_ahora,coche_nuevo,1203,100_a_500_DM,7_anios_o_mas,3,hombre_soltero,ninguno,2,seguro_vida_o_similar,43,ninguno,propia,1,empleado_cualificado,1,si,si,0
sin_cuenta_corriente,6,cuenta_critica_otros_bancos,radio_tv,700,desconocido_sin_cuenta_ahorro,7_anios_o_mas,4,hombre_soltero,ninguno,4,desconocido_sin_propiedad,36,ninguno,gratuita,2,empleado_cualificado,1,no,si,0
sin_cuenta_corriente,24,cuenta_critica_otros_bancos,reparaciones,5507,menos_de_100_DM,7_anios_o_mas,3,hombre_soltero,ninguno,4,desconocido_sin_propiedad,44,ninguno,gratuita,2,empleado_cualificado,1,no,si,0
menos_de_0_DM,18,pagados_hasta_ahora,radio_tv,3190,menos_de_100_DM,1_a_4_anios,2,mujer_divorciada_separada_casada,ninguno,2,inmueble,24,ninguno,propia,1,empleado_cualificado,1,no,si,1
menos_de_0_DM,48,sin_creditos_previos,mobiliario,7119,menos_de_100_DM,1_a_4_anios,3,hombre_soltero,ninguno,4,desconocido_sin_propiedad,53,ninguno,gratuita,2,empleado_cualificado,2,no,si,1
sin_cuenta_corriente,24,pagados_hasta_ahora,coche_usado,3488,100_a_500_DM,4_a_7_anios,3,mujer_divorciada_separada_casada,ninguno,4,coche_u_otro,23,ninguno,propia,1,empleado_cualificado,1,no,si,0
0_a_200_DM,18,pagados_hasta_ahora,radio_tv,1113,menos_de_100_DM,1_a_4_anios,4,mujer_divorciada_separada_casada,avalista,4,inmueble,26,ninguno,propia,1,no_cualificado_residente,2,no,si,0
0_a_200_DM,26,pagados_hasta_ahora,coche_usado,7966,menos_de_100_DM,menos_de_1_anio,2,hombre_soltero,ninguno,3,coche_u_otro,30,ninguno,propia,2,empleado_cualificado,1,,si,0
sin_cuenta_corriente,15,cuenta_critica_otros_bancos,educacion,1532,100_a_500_DM,1_a_4_anios,4,mujer_divorciada_separada_casada,ninguno,3,coche_u_otro,31,ninguno,propia,1,empleado_cualificado,1,no,si,0
sin_cuenta_corriente,4,cuenta_critica_otros_bancos,radio_tv,1503,menos_de_100_DM,4_a_7_anios,2,hombre_soltero,ninguno,1,inmueble,42,ninguno,propia,2,no_cualificado_residente,2,no,si,0
menos_de_0_DM,36,pagados_hasta_ahora,radio_tv,2302,menos_de_100_DM,1_a_4_anios,4,hombre_divorciado_separado,ninguno,4,coche_u_otro,31,ninguno,alquiler,1,empleado_cualificado,1,no,si,1
menos_de_0_DM,6,pagados_hasta_ahora,coche_nuevo,662,menos_de_100_DM,menos_de_1_anio,3,hombre_soltero,ninguno,4,inmueble,41,ninguno,propia,1,no_cualificado_residente,2,si,si,0
0_a_200_DM,36,pagados_hasta_ahora,educacion,2273,menos_de_100_DM,4_a_7_anios,3,hombre_soltero,ninguno,1,coche_u_otro,32,ninguno,propia,2,empleado_cualificado,2,no,si,0
0_a_200_DM,15,pagados_hasta_ahora,coche_nuevo,2631,100_a_500_DM,1_a_4_anios,2,mujer_divorciada_separada_casada,ninguno,4,coche_u_otro,28,ninguno,alquiler,2,empleado_cualificado,1,si,si,1
sin_cuenta_corriente,12,retraso_en_pagos_previos,coche_usado,1503,menos_de_100_DM,1_a_4_anios,4,hombre_casado_viudo,ninguno,4,inmueble,41,ninguno,alquiler,1,empleado_cualificado,1,no,si,0
sin_cuenta_corriente,24,pagados_hasta_ahora,radio_tv,1311,100_a_500_DM,4_a_7_anios,4,hombre_casado_viudo,ninguno,3,seguro_vida_o_similar,26,ninguno,propia,1,empleado_cualificado,1,si,si,0
sin_cuenta_corriente,24,pagados_hasta_ahora,radio_tv,3105,desconocido_sin_cuenta_ahorro,menos_de_1_anio,4,hombre_soltero,ninguno,2,coche_u_otro,25,ninguno,propia,2,empleado_cualificado,1,no,si,0
200_DM_o_mas,21,cuenta_critica_otros_bancos,educacion,2319,menos_de_100_DM,menos_de_1_anio,2,hombre_divorciado_separado,ninguno,1,coche_u_otro,33,ninguno,alquiler,1,empleado_cualificado,1,no,si,1
menos_de_0_DM,6,pagados_hasta_ahora,coche_nuevo,1374,desconocido_sin_cuenta_ahorro,desempleado,4,mujer_divorciada_separada_casada,ninguno,3,seguro_vida_o_similar,75,ninguno,propia,1,directivo_autonomo_alta_cualificacion,1,si,si,0
0_a_200_DM,18,cuenta_critica_otros_bancos,mobiliario,3612,menos_de_100_DM,7_anios_o_mas,3,mujer_divorciada_separada_casada,ninguno,4,seguro_vida_o_similar,37,ninguno,propia,1,empleado_cualificado,1,si,si,0
menos_de_0_DM,48,pagados_hasta_ahora,coche_nuevo,7763,menos_de_100_DM,7_anios_o_mas,4,hombre_soltero,ninguno,4,desconocido_sin_propiedad,42,banco,gratuita,1,directivo_autonomo_alta_cualificacion,1,no,si,1
200_DM_o_mas,18,pagados_hasta_ahora,mobiliario,3049,menos_de_100_DM,menos_de_1_anio,1,mujer_divorciada_separada_casada,ninguno,1,seguro_vida_o_similar,45,tiendas,propia,1,no_cualificado_residente,1,no,si,0
0_a_200_DM,12,pagados_hasta_ahora,radio_tv,1534,menos_de_100_DM,menos_de_1_anio,1,hombre_casado_viudo,ninguno,1,inmueble,23,ninguno,alquiler,1,empleado_cualificado,1,no,si,1
sin_cuenta_corriente,24,retraso_en_pagos_previos,coche_nuevo,2032,menos_de_100_DM,7_anios_o_mas,4,hombre_soltero,ninguno,4,desconocido_sin_propiedad,60,ninguno,gratuita,2,empleado_cualificado,1,si,si,0
menos_de_0_DM,30,pagados_hasta_ahora,mobiliario,6350,desconocido_sin_cuenta_ahorro,7_anios_o_mas,4,hombre_soltero,ninguno,4,seguro_vida_o_similar,31,ninguno,propia,1,empleado_cualificado,1,no,si,1
200_DM_o_mas,18,pagados_hasta_ahora,mobiliario,2864,menos_de_100_DM,1_a_4_anios,2,hombre_soltero,ninguno,1,inmueble,34,ninguno,propia,1,no_cualificado_residente,2,no,si,1
sin_cuenta_corriente,12,cuenta_critica_otros_bancos,coche_nuevo,1255,menos_de_100_DM,7_anios_o_mas,4,hombre_soltero,ninguno,4,inmueble,61,ninguno,propia,2,no_cualificado_residente,1,no,si,0
menos_de_0_DM,24,retraso_en_pagos_previos,coche_nuevo,1333,menos_de_100_DM,desempleado,4,hombre_soltero,ninguno,2,inmueble,43,ninguno,gratuita,2,empleado_cualificado,2,no,si,1
sin_cuenta_corriente,24,cuenta_critica_otros_bancos,coche_nuevo,2022,menos_de_100_DM,1_a_4_anios,4,mujer_divorciada_separada_casada,ninguno,4,coche_u_otro,37,ninguno,propia,1,empleado_cualificado,1,si,si,0
sin_cuenta_corriente,24,pagados_hasta_ahora,radio_tv,1552,menos_de_100_DM,4_a_7_anios,3,hombre_soltero,ninguno,1,coche_u_otro,32,banco,propia,1,empleado_cualificado,2,no,si,0
menos_de_0_DM,12,todos_pagados_en_este_banco,radio_tv,626,menos_de_100_DM,1_a_4_anios,4,mujer_divorciada_separada_casada,ninguno,4,inmueble,24,banco,propia,1,no_cualificado_residente,1,no,si,1
sin_cuenta_corriente,48,cuenta_critica_otros_bancos,coche_usado,8858,desconocido_sin_cuenta_ahorro,4_a_7_anios,2,hombre_soltero,ninguno,1,desconocido_sin_propiedad,35,ninguno,gratuita,2,empleado_cualificado,1,si,si,0
sin_cuenta_corriente,12,cuenta_critica_otros_bancos,reparaciones,996,desconocido_sin_cuenta_ahorro,4_a_7_anios,4,mujer_divorciada_separada_casada,ninguno,4,inmueble,23,ninguno,propia,2,empleado_cualificado,1,no,si,0
sin_cuenta_corriente,6,todos_pagados_en_este_banco,radio_tv,1750,500_a_1000_DM,7_anios_o_mas,2,hombre_soltero,ninguno,4,seguro_vida_o_similar,45,banco,propia,1,no_cualificado_residente,2,no,si,0
menos_de_0_DM,48,pagados_hasta_ahora,radio_tv,6999,menos_de_100_DM,4_a_7_anios,1,hombre_casado_viudo,avalista,1,inmueble,34,ninguno,propia,2,empleado_cualificado,1,si,si,1
0_a_200_DM,12,cuenta_critica_otros_bancos,coche_nuevo,1995,100_a_500_DM,menos_de_1_anio,4,hombre_soltero,ninguno,1,coche_u_otro,27,ninguno,propia,1,empleado_cualificado,1,no,si,0
0_a_200_DM,9,pagados_hasta_ahora,educacion,1199,menos_de_100_DM,4_a_7_anios,4,mujer_divorciada_separada_casada,ninguno,4,seguro_vida_o_similar,67,ninguno,propia,2,directivo_autonomo_alta_cualificacion,1,si,,0
0_a_200_DM,12,pagados_hasta_ahora,radio_tv,1331,menos_de_100_DM,menos_de_1_anio,2,hombre_soltero,ninguno,1,coche_u_otro,22,tiendas,propia,1,empleado_cualificado,1,no,si,1
0_a_200_DM,18,sin_creditos_previos,coche_nuevo,2278,100_a_500_DM,menos_de_1_anio,3,mujer_divorciada_separada_casada,ninguno,3,coche_u_otro,28,ninguno,propia,2,empleado_cualificado,1,no,si,1
sin_cuenta_corriente,21,sin_creditos_previos,coche_nuevo,5003,desconocido_sin_cuenta_ahorro,1_a_4_anios,1,mujer_divorciada_separada_casada,ninguno,4,seguro_vida_o_similar,29,banco,propia,2,empleado_cualificado,1,si,si,1
menos_de_0_DM,24,todos_pagados_en_este_banco,mobiliario,3552,menos_de_100_DM,4_a_7_anios,3,hombre_soltero,ninguno,4,coche_u_otro,27,banco,propia,1,empleado_cualificado,1,no,si,1
0_a_200_DM,18,cuenta_critica_otros_bancos,mobiliario,1928,menos_de_100_DM,menos_de_1_anio,2,hombre_soltero,ninguno,2,inmueble,31,ninguno,propia,2,no_cualificado_residente,1,no,si,1
menos_de_0_DM,24,pagados_hasta_ahora,coche_usado,2964,desconocido_sin_cuenta_ahorro,7_anios_o_mas,4,hombre_soltero,ninguno,4,desconocido_sin_propiedad,49,banco,gratuita,1,empleado_cualificado,2,si,si,0
menos_de_0_DM,24,todos_pagados_en_este_banco,radio_tv,1546,menos_de_100_DM,4_a_7_anios,4,hombre_soltero,avalista,4,coche_u_otro,24,banco,alquiler,1,no_cualificado_residente,1,no,si,1
200_DM_o_mas,6,retraso_en_pagos_previos,radio_tv,683,menos_de_100_DM,menos_de_1_anio,2,mujer_divorciada_separada_casada,ninguno,1,seguro_vida_o_similar,29,banco,propia,1,empleado_cualificado,1,no,si,0
0_a_200_DM,36,pagados_hasta_ahora,coche_nuevo,12389,desconocido_sin_cuenta_ahorro,1_a_4_anios,1,hombre_soltero,ninguno,4,desconocido_sin_propiedad,37,ninguno,gratuita,1,empleado_cualificado,1,si,si,1
0_a_200_DM,24,retraso_en_pagos_previos,negocio,4712,desconocido_sin_cuenta_ahorro,1_a_4_anios,4,hombre_soltero,ninguno,2,seguro_vida_o_similar,37,banco,propia,2,directivo_autonomo_alta_cualificacion,1,si,si,0
0_a_200_DM,24,retraso_en_pagos_previos,radio_tv,1553,100_a_500_DM,4_a_7_anios,3,mujer_divorciada_separada_casada,ninguno,2,seguro_vida_o_similar,23,ninguno,alquiler,2,empleado_cualificado,1,si,si,0
menos_de_0_DM,12,pagados_hasta_ahora,coche_nuevo,1372,menos_de_100_DM,4_a_7_anios,2,hombre_divorciado_separado,ninguno,3,coche_u_otro,36,ninguno,propia,1,empleado_cualificado,1,no,si,1
sin_cuenta_corriente,24,cuenta_critica_otros_bancos,radio_tv,2578,1000_DM_o_mas,7_anios_o_mas,2,hombre_soltero,ninguno,2,coche_u_otro,34,ninguno,propia,1,empleado_cualificado,1,no,si,0
0_a_200_DM,48,pagados_hasta_ahora,radio_tv,3979,desconocido_sin_cuenta_ahorro,4_a_7_anios,4,hombre_soltero,ninguno,1,coche_u_otro,,ninguno,propia,2,empleado_cualificado,2,si,si,0
menos_de_0_DM,48,pagados_hasta_ahora,radio_tv,6758,menos_de_100_DM,1_a_4_anios,3,mujer_divorciada_separada_casada,ninguno,2,coche_u_otro,31,ninguno,propia,1,empleado_cualificado,1,si,si,1
menos_de_0_DM,24,pagados_hasta_ahora,mobiliario,3234,menos_de_100_DM,menos_de_1_anio,4,mujer_divorciada_separada_casada,ninguno,4,inmueble,,ninguno,alquiler,,no_cualificado_residente,1,si,si,1
sin_cuenta_corriente,30,cuenta_critica_otros_bancos,radio_tv,5954,menos_de_100_DM,4_a_7_anios,3,hombre_soltero,codeudor,2,coche_u_otro,38,ninguno,propia,1,empleado_cualificado,1,no,si,0
sin_cuenta_corriente,24,pagados_hasta_ahora,coche_usado,5433,desconocido_sin_cuenta_ahorro,desempleado,2,mujer_divorciada_separada_casada,ninguno,4,seguro_vida_o_similar,26,ninguno,alquiler,1,directivo_autonomo_alta_cualificacion,1,si,si,0
menos_de_0_DM,15,pagados_hasta_ahora,negocio,806,menos_de_100_DM,1_a_4_anios,4,mujer_divorciada_separada_casada,ninguno,4,seguro_vida_o_similar,22,ninguno,propia,1,no_cualificado_residente,1,no,si,0
0_a_200_DM,9,pagados_hasta_ahora,radio_tv,1082,menos_de_100_DM,7_anios_o_mas,4,hombre_soltero,ninguno,4,coche_u_otro,27,ninguno,propia,2,no_cualificado_residente,1,no,si,0
sin_cuenta_corriente,15,cuenta_critica_otros_bancos,mobiliario,2788,menos_de_100_DM,4_a_7_anios,2,mujer_divorciada_separada_casada,codeudor,3,coche_u_otro,24,banco,propia,2,empleado_cualificado,1,no,si,0
0_a_200_DM,12,pagados_hasta_ahora,radio_tv,2930,menos_de_100_DM,4_a_7_anios,2,mujer_divorciada_separada_casada,ninguno,1,inmueble,27,ninguno,propia,1,empleado_cualificado,1,no,si,0
sin_cuenta_corriente,24,cuenta_critica_otros_bancos,educacion,1927,desconocido_sin_cuenta_ahorro,1_a_4_anios,3,mujer_divorciada_separada_casada,ninguno,2,coche_u_otro,33,ninguno,propia,2,empleado_cualificado,1,si,si,0
0_a_200_DM,36,cuenta_critica_otros_bancos,coche_nuevo,2820,menos_de_100_DM,menos_de_1_anio,4,hombre_divorciado_separado,ninguno,4,coche_u_otro,27,ninguno,propia,2,empleado_cualificado,1,no,,1
sin_cuenta_corriente,24,pagados_hasta_ahora,reciclaje_profesional,937,menos_de_100_DM,menos_de_1_anio,4,hombre_casado_viudo,ninguno,3,coche_u_otro,27,ninguno,propia,2,no_cualificado_residente,1,no,si,0
0_a_200_DM,18,cuenta_critica_otros_bancos,coche_nuevo,1056,menos_de_100_DM,7_anios_o_mas,3,hombre_soltero,avalista,3,inmueble,30,banco,propia,2,empleado_cualificado,1,no,si,1
0_a_200_DM,12,cuenta_critica_otros_bancos,coche_nuevo,3124,menos_de_100_DM,menos_de_1_anio,1,hombre_soltero,ninguno,3,inmueble,49,banco,propia,2,no_cualificado_residente,2,no,si,0
sin_cuenta_corriente,9,pagados_hasta_ahora,mobiliario,1388,menos_de_100_DM,1_a_4_anios,4,mujer_divorciada_separada_casada,ninguno,2,inmueble,26,ninguno,alquiler,1,empleado_cualificado,1,no,si,0
0_a_200_DM,36,pagados_hasta_ahora,reparaciones,2384,menos_de_100_DM,menos_de_1_anio,4,hombre_soltero,ninguno,1,desconocido_sin_propiedad,33,ninguno,alquiler,1,no_cualificado_residente,1,no,si,1
sin_cuenta_corriente,12,pagados_hasta_ahora,coche_nuevo,2133,desconocido_sin_cuenta_ahorro,7_anios_o_mas,4,mujer_divorciada_separada_casada,ninguno,4,desconocido_sin_propiedad,52,ninguno,gratuita,1,directivo_autonomo_alta_cualificacion,1,si,si,0
menos_de_0_DM,18,pagados_hasta_ahora,mobiliario,2039,menos_de_100_DM,1_a_4_anios,1,mujer_divorciada_separada_casada,ninguno,4,inmueble,20,banco,alquiler,1,empleado_cualificado,1,no,si,1
menos_de_0_DM,9,cuenta_critica_otros_bancos,coche_nuevo,2799,menos_de_100_DM,1_a_4_anios,2,hombre_soltero,ninguno,2,inmueble,36,ninguno,alquiler,2,empleado_cualificado,2,no,si,0
menos_de_0_DM,12,pagados_hasta_ahora,mobiliario,1289,menos_de_100_DM,1_a_4_anios,4,hombre_soltero,avalista,1,seguro_vida_o_similar,21,ninguno,propia,1,no_cualificado_residente,1,no,si,0
menos_de_0_DM,18,pagados_hasta_ahora,electrodomesticos,1217,menos_de_100_DM,1_a_4_anios,4,hombre_casado_viudo,ninguno,3,inmueble,47,ninguno,propia,1,no_cualificado_residente,1,si,si,1
menos_de_0_DM,12,cuenta_critica_otros_bancos,mobiliario,2246,menos_de_100_DM,7_anios_o_mas,3,hombre_soltero,ninguno,3,seguro_vida_o_similar,60,ninguno,propia,2,empleado_cualificado,1,no,si,1
menos_de_0_DM,12,cuenta_critica_otros_bancos,radio_tv,385,menos_de_100_DM,4_a_7_anios,4,mujer_divorciada_separada_casada,ninguno,3,inmueble,58,ninguno,propia,4,no_cualificado_residente,1,si,si,0
0_a_200_DM,24,retraso_en_pagos_previos,coche_nuevo,1965,desconocido_sin_cuenta_ahorro,1_a_4_anios,4,mujer_divorciada_separada_casada,ninguno,4,coche_u_otro,42,ninguno,alquiler,2,empleado_cualificado,1,si,si,0
sin_cuenta_corriente,21,pagados_hasta_ahora,negocio,1572,1000_DM_o_mas,7_anios_o_mas,4,mujer_divorciada_separada_casada,ninguno,4,inmueble,36,banco,propia,1,no_cualificado_residente,1,no,si,0
0_a_200_DM,24,pagados_hasta_ahora,coche_nuevo,2718,menos_de_100_DM,1_a_4_anios,3,mujer_divorciada_separada_casada,ninguno,4,seguro_vida_o_similar,20,ninguno,alquiler,1,no_cualificado_residente,1,si,si,1
menos_de_0_DM,24,todos_pagados_en_este_banco,otros,1358,desconocido_sin_cuenta_ahorro,7_anios_o_mas,4,hombre_soltero,ninguno,3,coche_u_otro,40,tiendas,propia,1,directivo_autonomo_alta_cualificacion,1,si,si,1
0_a_200_DM,6,todos_pagados_en_este_banco,coche_nuevo,931,100_a_500_DM,menos_de_1_anio,1,mujer_divorciada_separada_casada,ninguno,1,seguro_vida_o_similar,32,tiendas,propia,1,no_cualificado_residente,1,no,si,1
menos_de_0_DM,24,pagados_hasta_ahora,coche_nuevo,1442,menos_de_100_DM,4_a_7_anios,4,mujer_divorciada_separada_casada,ninguno,4,coche_u_otro,23,ninguno,alquiler,2,empleado_cualificado,1,no,si,1
0_a_200_DM,24,sin_creditos_previos,negocio,4241,menos_de_100_DM,1_a_4_anios,1,hombre_soltero,ninguno,4,inmueble,36,ninguno,propia,3,no_cualificado_residente,1,si,si,1
sin_cuenta_corriente,18,cuenta_critica_otros_bancos,coche_nuevo,2775,menos_de_100_DM,4_a_7_anios,2,hombre_soltero,ninguno,2,seguro_vida_o_similar,31,banco,propia,2,empleado_cualificado,1,no,si,1
sin_cuenta_corriente,24,retraso_en_pagos_previos,negocio,3863,menos_de_100_DM,1_a_4_anios,1,hombre_soltero,ninguno,2,desconocido_sin_propiedad,32,ninguno,gratuita,1,empleado_cualificado,1,no,si,0
0_a_200_DM,7,pagados_hasta_ahora,radio_tv,2329,menos_de_100_DM,menos_de_1_anio,1,mujer_divorciada_separada_casada,avalista,1,inmueble,45,ninguno,propia,1,empleado_cualificado,1,no,si,0
0_a_200_DM,9,pagados_hasta_ahora,mobiliario,918,menos_de_100_DM,1_a_4_anios,4,mujer_divorciada_separada_casada,ninguno,1,seguro_vida_o_similar,30,ninguno,propia,1,empleado_cualificado,1,no,si,1
0_a_200_DM,24,todos_pagados_en_este_banco,educacion,1837,menos_de_100_DM,4_a_7_anios,4,mujer_divorciada_separada_casada,ninguno,4,desconocido_sin_propiedad,34,banco,gratuita,1,no_cualificado_residente,1,no,si,1
sin_cuenta_corriente,36,pagados_hasta_ahora,mobiliario,3349,menos_de_100_DM,1_a_4_anios,4,mujer_divorciada_separada_casada,ninguno,2,coche_u_otro,28,ninguno,propia,1,directivo_autonomo_alta_cualificacion,1,si,si,1
200_DM_o_mas,10,pagados_hasta_ahora,mobiliario,1275,menos_de_100_DM,menos_de_1_anio,4,mujer_divorciada_separada_casada,ninguno,2,seguro_vida_o_similar,23,ninguno,propia,1,empleado_cualificado,1,no,si,0
menos_de_0_DM,24,todos_pagados_en_este_banco,mobiliario,2828,500_a_1000_DM,1_a_4_anios,4,hombre_soltero,ninguno,4,inmueble,22,tiendas,propia,1,empleado_cualificado,1,si,si,0
sin_cuenta_corriente,24,cuenta_critica_otros_bancos,negocio,4526,menos_de_100_DM,1_a_4_anios,3,hombre_soltero,ninguno,2,inmueble,74,ninguno,propia,1,directivo_autonomo_alta_cualificacion,1,si,si,0
0_a_200_DM,36,pagados_hasta_ahora,radio_tv,2671,100_a_500_DM,1_a_4_anios,4,mujer_divorciada_separada_casada,codeudor,4,desconocido_sin_propiedad,50,ninguno,gratuita,1,empleado_cualificado,1,no,si,1
sin_cuenta_corriente,18,pagados_hasta_ahora,radio_tv,2051,menos_de_100_DM,menos_de_1_anio,4,hombre_soltero,ninguno,1,inmueble,33,ninguno,propia,1,empleado_cualificado,1,no,si,0
sin_cuenta_corriente,15,pagados_hasta_ahora,coche_usado,1300,desconocido_sin_cuenta_ahorro,7_anios_o_mas,4,hombre_soltero,ninguno,4,desconocido_sin_propiedad,45,banco,gratuita,1,empleado_cualificado,2,no,si,0
menos_de_0_DM,12,pagados_hasta_ahora,electrodomesticos,741,100_a_500_DM,desempleado,4,mujer_divorciada_separada_casada,ninguno,3,seguro_vida_o_similar,22,ninguno,propia,1,empleado_cualificado,1,no,si,1
200_DM_o_mas,10,pagados_hasta_ahora,coche_nuevo,1240,100_a_500_DM,7_anios_o_mas,1,mujer_divorciada_separada_casada,ninguno,4,desconocido_sin_propiedad,48,ninguno,gratuita,1,no_cualificado_residente,2,no,si,1
menos_de_0_DM,21,pagados_hasta_ahora,radio_tv,3357,1000_DM_o_mas,menos_de_1_anio,4,mujer_divorciada_separada_casada,ninguno,2,coche_u_otro,29,banco,propia,1,empleado_cualificado,1,no,si,0
menos_de_0_DM,24,todos_pagados_en_este_banco,coche_usado,3632,menos_de_100_DM,1_a_4_anios,1,mujer_divorciada_separada_casada,avalista,4,coche_u_otro,22,banco,alquiler,1,empleado_cualificado,1,no,no,0
sin_cuenta_corriente,18,retraso_en_pagos_previos,mobiliario,1808,menos_de_100_DM,4_a_7_anios,4,mujer_divorciada_separada_casada,ninguno,1,inmueble,22,ninguno,propia,1,empleado_cualificado,1,no,si,1
0_a_200_DM,48,sin_creditos_previos,negocio,12204,desconocido_sin_cuenta_ahorro,1_a_4_anios,2,hombre_soltero,ninguno,2,coche_u_otro,48,banco,propia,1,directivo_autonomo_alta_cualificacion,1,si,si,0
0_a_200_DM,60,retraso_en_pagos_previos,radio_tv,9157,desconocido_sin_cuenta_ahorro,1_a_4_anios,2,hombre_soltero,ninguno,2,desconocido_sin_propiedad,27,ninguno,gratuita,1,directivo_autonomo_alta_cualificacion,1,no,si,0
menos_de_0_DM,6,cuenta_critica_otros_bancos,coche_nuevo,3676,menos_de_100_DM,1_a_4_anios,1,hombre_soltero,ninguno,3,inmueble,37,ninguno,alquiler,3,empleado_cualificado,2,no,si,0
0_a_200_DM,30,pagados_hasta_ahora,mobiliario,3441,100_a_500_DM,1_a_4_anios,2,mujer_divorciada_separada_casada,codeudor,4,coche_u_otro,21,ninguno,alquiler,1,empleado_cualificado,1,no,si,1
sin_cuenta_corriente,12,pagados_hasta_ahora,coche_nuevo,640,menos_de_100_DM,1_a_4_anios,4,hombre_divorciado_separado,ninguno,2,inmueble,49,ninguno,propia,1,no_cualificado_residente,1,no,si,0
0_a_200_DM,21,cuenta_critica_otros_bancos,negocio,3652,menos_de_100_DM,4_a_7_anios,2,hombre_soltero,ninguno,3,seguro_vida_o_similar,27,ninguno,propia,2,empleado_cualificado,1,no,si,0
sin_cuenta_corriente,18,cuenta_critica_otros_bancos,coche_nuevo,1530,menos_de_100_DM,1_a_4_anios,3,hombre_soltero,ninguno,2,seguro_vida_o_similar,32,banco,propia,2,empleado_cualificado,1,no,si,1
sin_cuenta_corriente,48,pagados_hasta_ahora,negocio,3914,desconocido_sin_cuenta_ahorro,1_a_4_anios,4,hombre_divorciado_separado,ninguno,2,inmueble,38,banco,propia,1,empleado_cualificado,1,no,si,1
menos_de_0_DM,12,pagados_hasta_ahora,mobiliario,1858,menos_de_100_DM,menos_de_1_anio,4,mujer_divorciada_separada_casada,ninguno,1,coche_u_otro,22,ninguno,alquiler,1,empleado_cualificado,1,no,si,0
menos_de_0_DM,18,pagados_hasta_ahora,radio_tv,2600,menos_de_100_DM,1_a_4_anios,4,hombre_soltero,ninguno,4,desconocido_sin_propiedad,65,ninguno,gratuita,2,empleado_cualificado,1,no,si,1
sin_cuenta_corriente,15,pagados_hasta_ahora,radio_tv,1979,desconocido_sin_cuenta_ahorro,7_anios_o_mas,4,hombre_soltero,ninguno,2,coche_u_otro,35,ninguno,propia,1,empleado_cualificado,1,no,si,0
200_DM_o_mas,6,pagados_hasta_ahora,mobiliario,2116,menos_de_100_DM,1_a_4_anios,2,hombre_soltero,ninguno,2,inmueble,41,ninguno,propia,1,empleado_cualificado,1,si,si,0
0_a_200_DM,9,todos_pagados_en_este_banco,coche_nuevo,1437,100_a_500_DM,4_a_7_anios,2,hombre_soltero,ninguno,3,desconocido_sin_propiedad,29,ninguno,propia,1,empleado_cualificado,1,no,si,1
sin_cuenta_corriente,42,cuenta_critica_otros_bancos,mobiliario,4042,500_a_1000_DM,1_a_4_anios,4,hombre_soltero,ninguno,4,inmueble,36,ninguno,propia,2,empleado_cualificado,1,si,si,0
sin_cuenta_corriente,9,pagados_hasta_ahora,educacion,3832,desconocido_sin_cuenta_ahorro,7_anios_o_mas,1,hombre_soltero,ninguno,4,inmueble,64,ninguno,propia,1,no_cualificado_residente,1,no,si,0
menos_de_0_DM,24,pagados_hasta_ahora,radio_tv,3660,menos_de_100_DM,1_a_4_anios,2,mujer_divorciada_separada_casada,ninguno,4,coche_u_otro,28,ninguno,propia,,empleado_cualificado,1,no,si,0
menos_de_0_DM,18,todos_pagados_en_este_banco,mobiliario,1553,menos_de_100_DM,1_a_4_anios,4,hombre_soltero,ninguno,3,coche_u_otro,44,banco,propia,1,empleado_cualificado,1,no,si,1
0_a_200_DM,15,pagados_hasta_ahora,radio_tv,1444,desconocido_sin_cuenta_ahorro,menos_de_1_anio,4,hombre_soltero,ninguno,1,seguro_vida_o_similar,23,ninguno,propia,1,empleado_cualificado,1,no,si,0
sin_cuenta_corriente,9,pagados_hasta_ahora,mobiliario,1980,menos_de_100_DM,menos_de_1_anio,2,mujer_divorciada_separada_casada,codeudor,2,coche_u_otro,19,ninguno,alquiler,2,empleado_cualificado,1,no,si,1
0_a_200_DM,24,pagados_hasta_ahora,coche_nuevo,1355,menos_de_100_DM,menos_de_1_anio,3,mujer_divorciada_separada_casada,ninguno,4,coche_u_otro,25,ninguno,propia,1,no_cualificado_residente,1,si,si,1
sin_cuenta_corriente,12,pagados_hasta_ahora,educacion,1393,menos_de_100_DM,7_anios_o_mas,4,hombre_soltero,ninguno,4,seguro_vida_o_similar,47,banco,propia,3,empleado_cualificado,2,si,si,0
sin_cuenta_corriente,24,pagados_hasta_ahora,radio_tv,1376,500_a_1000_DM,4_a_7_anios,4,mujer_divorciada_separada_casada,ninguno,1,coche_u_otro,28,ninguno,propia,1,empleado_cualificado,1,no,si,0
sin_cuenta_corriente,60,retraso_en_pagos_previos,radio_tv,15653,menos_de_100_DM,4_a_7_anios,2,hombre_soltero,ninguno,4,coche_u_otro,21,ninguno,propia,2,empleado_cualificado,1,si,si,0
sin_cuenta_corriente,12,pagados_hasta_ahora,radio_tv,1493,menos_de_100_DM,menos_de_1_anio,4,mujer_divorciada_separada_casada,ninguno,3,,34,ninguno,propia,1,empleado_cualificado,2,no,si,0
menos_de_0_DM,42,retraso_en_pagos_previos,radio_tv,4370,menos_de_100_DM,4_a_7_anios,3,hombre_soltero,ninguno,2,seguro_vida_o_similar,26,banco,propia,2,empleado_cualificado,2,si,si,1
menos_de_0_DM,18,pagados_hasta_ahora,educacion,750,menos_de_100_DM,desempleado,4,mujer_divorciada_separada_casada,ninguno,1,inmueble,27,ninguno,propia,1,no_cualificado_no_residente,1,no,si,1
0_a_200_DM,,pagados_hasta_ahora,reparaciones,1308,menos_de_100_DM,7_anios_o_mas,4,hombre_soltero,ninguno,4,coche_u_otro,38,ninguno,propia,2,no_cualificado_residente,1,no,si,0
sin_cuenta_corriente,15,pagados_hasta_ahora,educacion,4623,100_a_500_DM,1_a_4_anios,3,hombre_soltero,ninguno,2,seguro_vida_o_similar,40,ninguno,,,directivo_autonomo_alta_cualificacion,1,si,si,1
sin_cuenta_corriente,24,cuenta_critica_otros_bancos,radio_tv,1851,menos_de_100_DM,4_a_7_anios,4,hombre_casado_viudo,avalista,2,coche_u_otro,33,ninguno,propia,2,empleado_cualificado,1,si,si,0
menos_de_0_DM,18,cuenta_critica_otros_bancos,radio_tv,1880,menos_de_100_DM,4_a_7_anios,4,hombre_casado_viudo,ninguno,1,seguro_vida_o_similar,32,ninguno,propia,2,directivo_autonomo_alta_cualificacion,1,si,si,0
sin_cuenta_corriente,36,retraso_en_pagos_previos,negocio,7980,desconocido_sin_cuenta_ahorro,menos_de_1_anio,4,hombre_soltero,ninguno,4,coche_u_otro,27,ninguno,alquiler,2,empleado_cualificado,1,si,si,1
menos_de_0_DM,30,sin_creditos_previos,mobiliario,4583,menos_de_100_DM,1_a_4_anios,2,hombre_divorciado_separado,avalista,2,inmueble,32,ninguno,propia,2,empleado_cualificado,1,no,si,0
sin_cuenta_corriente,12,pagados_hasta_ahora,coche_nuevo,1386,500_a_1000_DM,1_a_4_anios,2,mujer_divorciada_separada_casada,ninguno,2,seguro_vida_o_similar,26,ninguno,propia,1,empleado_cualificado,1,no,si,1
200_DM_o_mas,24,pagados_hasta_ahora,coche_nuevo,947,menos_de_100_DM,4_a_7_anios,4,hombre_soltero,ninguno,3,desconocido_sin_propiedad,38,banco,gratuita,1,empleado_cualificado,2,no,si,1
menos_de_0_DM,12,pagados_hasta_ahora,educacion,684,menos_de_100_DM,1_a_4_anios,4,hombre_soltero,ninguno,4,coche_u_otro,40,ninguno,alquiler,1,no_cualificado_residente,2,no,si,1
menos_de_0_DM,48,pagados_hasta_ahora,educacion,7476,menos_de_100_DM,4_a_7_anios,4,hombre_soltero,ninguno,1,desconocido_sin_propiedad,50,ninguno,gratuita,1,directivo_autonomo_alta_cualificacion,1,si,si,0
0_a_200_DM,12,pagados_hasta_ahora,mobiliario,1922,menos_de_100_DM,1_a_4_anios,4,hombre_soltero,ninguno,2,seguro_vida_o_similar,37,ninguno,propia,1,no_cualificado_residente,1,no,si,1
menos_de_0_DM,24,pagados_hasta_ahora,coche_nuevo,2303,menos_de_100_DM,7_anios_o_mas,4,hombre_soltero,codeudor,1,inmueble,45,ninguno,propia,1,empleado_cualificado,1,no,si,1
0_a_200_DM,,retraso_en_pagos_previos,coche_nuevo,8086,100_a_500_DM,7_anios_o_mas,2,hombre_soltero,ninguno,4,coche_u_otro,42,ninguno,propia,,directivo_autonomo_alta_cualificacion,1,si,si,1
sin_cuenta_corriente,24,cuenta_critica_otros_bancos,coche_usado,2346,menos_de_100_DM,4_a_7_anios,4,hombre_soltero,ninguno,3,coche_u_otro,35,ninguno,propia,2,empleado_cualificado,1,si,si,0
menos_de_0_DM,14,pagados_hasta_ahora,coche_nuevo,3973,menos_de_100_DM,desempleado,1,hombre_soltero,ninguno,4,desconocido_sin_propiedad,22,ninguno,gratuita,1,empleado_cualificado,1,no,si,0
0_a_200_DM,12,pagados_hasta_ahora,coche_nuevo,888,menos_de_100_DM,7_anios_o_mas,4,hombre_soltero,ninguno,4,coche_u_otro,41,banco,propia,,no_cualificado_residente,2,no,si,1
sin_cuenta_corriente,,pagados_hasta_ahora,radio_tv,10222,desconocido_sin_cuenta_ahorro,4_a_7_anios,4,hombre_soltero,ninguno,3,,37,tiendas,propia,1,empleado_cualificado,1,si,si,0
0_a_200_DM,30,sin_creditos_previos,negocio,4221,menos_de_100_DM,1_a_4_anios,2,mujer_divorciada_separada_casada,ninguno,1,coche_u_otro,28,ninguno,propia,2,empleado_cualificado,1,no,si,0
0_a_200_DM,18,cuenta_critica_otros_bancos,mobiliario,6361,menos_de_100_DM,7_anios_o_mas,2,hombre_soltero,ninguno,1,desconocido_sin_propiedad,41,ninguno,propia,1,empleado_cualificado,1,si,si,0
200_DM_o_mas,12,pagados_hasta_ahora,radio_tv,1297,menos_de_100_DM,1_a_4_anios,3,hombre_casado_viudo,ninguno,4,inmueble,23,ninguno,alquiler,1,empleado_cualificado,1,no,si,0
menos_de_0_DM,12,pagados_hasta_ahora,coche_nuevo,900,desconocido_sin_cuenta_ahorro,1_a_4_anios,4,hombre_casado_viudo,ninguno,2,coche_u_otro,23,ninguno,propia,1,empleado_cualificado,1,no,si,1
sin_cuenta_corriente,21,pagados_hasta_ahora,mobiliario,2241,menos_de_100_DM,7_anios_o_mas,4,hombre_soltero,ninguno,2,inmueble,50,ninguno,propia,2,empleado_cualificado,1,no,si,0
0_a_200_DM,6,retraso_en_pagos_previos,mobiliario,1050,menos_de_100_DM,desempleado,4,hombre_soltero,ninguno,1,seguro_vida_o_similar,35,tiendas,propia,2,directivo_autonomo_alta_cualificacion,1,si,si,0
200_DM_o_mas,6,cuenta_critica_otros_bancos,educacion,1047,menos_de_100_DM,1_a_4_anios,2,mujer_divorciada_separada_casada,ninguno,4,seguro_vida_o_similar,50,ninguno,propia,1,no_cualificado_residente,1,no,si,0
sin_cuenta_corriente,24,cuenta_critica_otros_bancos,otros,6314,menos_de_100_DM,desempleado,4,hombre_soltero,codeudor,2,desconocido_sin_propiedad,27,banco,propia,2,directivo_autonomo_alta_cualificacion,1,si,si,0
0_a_200_DM,30,todos_pagados_en_este_banco,mobiliario,3496,1000_DM_o_mas,1_a_4_anios,4,hombre_soltero,ninguno,2,coche_u_otro,34,tiendas,propia,1,empleado_cualificado,2,si,si,0
sin_cuenta_corriente,48,todos_pagados_en_este_banco,negocio,3609,menos_de_100_DM,1_a_4_anios,1,mujer_divorciada_separada_casada,ninguno,1,inmueble,27,tiendas,propia,1,empleado_cualificado,1,no,si,0
menos_de_0_DM,12,cuenta_critica_otros_bancos,coche_nuevo,4843,menos_de_100_DM,7_anios_o_mas,3,hombre_soltero,codeudor,4,seguro_vida_o_similar,43,ninguno,alquiler,2,empleado_cualificado,1,si,si,1
200_DM_o_mas,30,cuenta_critica_otros_bancos,radio_tv,3017,menos_de_100_DM,7_anios_o_mas,4,hombre_soltero,ninguno,4,seguro_vida_o_similar,47,ninguno,propia,1,empleado_cualificado,1,no,si,0
sin_cuenta_corriente,24,cuenta_critica_otros_bancos,negocio,4139,100_a_500_DM,1_a_4_anios,3,hombre_soltero,ninguno,3,seguro_vida_o_similar,27,ninguno,propia,2,no_cualificado_residente,1,si,si,0
sin_cuenta_corriente,36,pagados_hasta_ahora,negocio,5742,100_a_500_DM,4_a_7_anios,2,hombre_soltero,ninguno,2,coche_u_otro,31,ninguno,propia,2,empleado_cualificado,1,si,si,0
sin_cuenta_corriente,60,pagados_hasta_ahora,coche_nuevo,,menos_de_100_DM,7_anios_o_mas,2,hombre_soltero,ninguno,4,seguro_vida_o_similar,42,ninguno,propia,1,directivo_autonomo_alta_cualificacion,1,si,si,0
sin_cuenta_corriente,6,cuenta_critica_otros_bancos,coche_nuevo,2080,500_a_1000_DM,1_a_4_anios,1,hombre_casado_viudo,ninguno,2,coche_u_otro,24,ninguno,propia,1,empleado_cualificado,1,no,si,0
sin_cuenta_corriente,21,retraso_en_pagos_previos,negocio,2580,500_a_1000_DM,menos_de_1_anio,4,hombre_soltero,ninguno,2,inmueble,41,banco,propia,1,no_cualificado_residente,2,no,si,1
sin_cuenta_corriente,30,cuenta_critica_otros_bancos,radio_tv,4530,menos_de_100_DM,4_a_7_anios,4,mujer_divorciada_separada_casada,ninguno,4,coche_u_otro,26,ninguno,alquiler,1,directivo_autonomo_alta_cualificacion,1,si,si,0
sin_cuenta_corriente,24,cuenta_critica_otros_bancos,mobiliario,5150,menos_de_100_DM,7_anios_o_mas,4,hombre_soltero,ninguno,4,coche_u_otro,33,ninguno,propia,1,empleado_cualificado,1,si,si,0
0_a_200_DM,72,pagados_hasta_ahora,radio_tv,5595,100_a_500_DM,1_a_4_anios,2,hombre_casado_viudo,ninguno,2,coche_u_otro,24,ninguno,propia,1,empleado_cualificado,1,no,si,1
menos_de_0_DM,24,pagados_hasta_ahora,radio_tv,2384,menos_de_100_DM,7_anios_o_mas,4,hombre_soltero,ninguno,4,inmueble,64,banco,alquiler,1,no_cualificado_residente,1,no,si,0
sin_cuenta_corriente,18,pagados_hasta_ahora,radio_tv,1453,menos_de_100_DM,menos_de_1_anio,3,mujer_divorciada_separada_casada,ninguno,1,inmueble,26,ninguno,propia,1,empleado_cualificado,1,no,si,0
sin_cuenta_corriente,6,pagados_hasta_ahora,educacion,1538,menos_de_100_DM,menos_de_1_anio,1,mujer_divorciada_separada_casada,ninguno,2,desconocido_sin_propiedad,56,ninguno,propia,1,empleado_cualificado,1,no,si,0
sin_cuenta_corriente,12,pagados_hasta_ahora,radio_tv,2279,desconocido_sin_cuenta_ahorro,1_a_4_anios,4,hombre_soltero,ninguno,4,desconocido_sin_propiedad,37,ninguno,gratuita,1,empleado_cualificado,1,si,si,0
sin_cuenta_corriente,15,retraso_en_pagos_previos,radio_tv,1478,menos_de_100_DM,1_a_4_anios,4,hombre_casado_viudo,ninguno,3,inmueble,33,banco,propia,2,empleado_cualificado,1,no,si,0
sin_cuenta_corriente,24,cuenta_critica_otros_bancos,radio_tv,5103,menos_de_100_DM,menos_de_1_anio,3,hombre_casado_viudo,ninguno,3,desconocido_sin_propiedad,47,ninguno,gratuita,3,empleado_cualificado,1,si,si,0
0_a_200_DM,36,retraso_en_pagos_previos,negocio,9857,100_a_500_DM,4_a_7_anios,1,hombre_soltero,ninguno,3,seguro_vida_o_similar,31,ninguno,propia,2,no_cualificado_residente,2,si,si,0
sin_cuenta_corriente,60,pagados_hasta_ahora,coche_nuevo,6527,desconocido_sin_cuenta_ahorro,1_a_4_anios,4,hombre_soltero,ninguno,4,desconocido_sin_propiedad,34,ninguno,gratuita,1,empleado_cualificado,2,si,si,0
200_DM_o_mas,10,cuenta_critica_otros_bancos,radio_tv,1347,desconocido_sin_cuenta_ahorro,4_a_7_anios,4,hombre_soltero,ninguno,2,seguro_vida_o_similar,27,ninguno,propia,2,empleado_cualificado,1,si,si,0
0_a_200_DM,36,retraso_en_pagos_previos,coche_nuevo,2862,100_a_500_DM,7_anios_o_mas,4,hombre_soltero,ninguno,3,desconocido_sin_propiedad,30,ninguno,gratuita,1,empleado_cualificado,1,no,si,0
sin_cuenta_corriente,9,pagados_hasta_ahora,radio_tv,2753,100_a_500_DM,7_anios_o_mas,3,,codeudor,4,coche_u_otro,,ninguno,propia,1,empleado_cualificado,1,si,si,0
menos_de_0_DM,12,pagados_hasta_ahora,coche_nuevo,3651,1000_DM_o_mas,1_a_4_anios,1,hombre_soltero,ninguno,3,seguro_vida_o_similar,31,ninguno,propia,1,empleado_cualificado,2,no,si,0
menos_de_0_DM,15,cuenta_critica_otros_bancos,mobiliario,975,menos_de_100_DM,1_a_4_anios,2,hombre_divorciado_separado,ninguno,3,seguro_vida_o_similar,25,ninguno,propia,2,empleado_cualificado,1,no,si,0
0_a_200_DM,15,pagados_hasta_ahora,reparaciones,2631,100_a_500_DM,1_a_4_anios,3,mujer_divorciada_separada_casada,ninguno,2,inmueble,25,ninguno,propia,1,no_cualificado_residente,1,no,si,0
0_a_200_DM,24,pagados_hasta_ahora,radio_tv,2896,100_a_500_DM,menos_de_1_anio,2,hombre_soltero,ninguno,1,coche_u_otro,29,ninguno,propia,1,empleado_cualificado,1,no,si,0
menos_de_0_DM,6,cuenta_critica_otros_bancos,coche_nuevo,4716,desconocido_sin_cuenta_ahorro,menos_de_1_anio,1,hombre_soltero,ninguno,3,inmueble,44,ninguno,propia,2,no_cualificado_residente,2,no,si,0
sin_cuenta_corriente,24,pagados_hasta_ahora,radio_tv,2284,menos_de_100_DM,4_a_7_anios,4,hombre_soltero,ninguno,2,coche_u_otro,28,ninguno,propia,1,empleado_cualificado,1,si,si,0
sin_cuenta_corriente,6,pagados_hasta_ahora,coche_usado,1236,500_a_1000_DM,1_a_4_anios,2,hombre_soltero,ninguno,4,seguro_vida_o_similar,50,ninguno,alquiler,1,empleado_cualificado,1,no,si,0
0_a_200_DM,12,pagados_hasta_ahora,radio_tv,1103,menos_de_100_DM,4_a_7_anios,4,hombre_soltero,avalista,3,inmueble,29,ninguno,propia,2,empleado_cualificado,1,no,no,0
sin_cuenta_corriente,12,cuenta_critica_otros_bancos,coche_nuevo,926,menos_de_100_DM,desempleado,1,mujer_divorciada_separada_casada,ninguno,2,seguro_vida_o_similar,38,ninguno,propia,1,no_cualificado_no_residente,1,no,si,0
sin_cuenta_corriente,18,cuenta_critica_otros_bancos,radio_tv,1800,menos_de_100_DM,1_a_4_anios,4,hombre_soltero,ninguno,2,coche_u_otro,24,ninguno,propia,2,empleado_cualificado,1,no,si,0
200_DM_o_mas,15,pagados_hasta_ahora,educacion,1905,menos_de_100_DM,7_anios_o_mas,4,hombre_soltero,ninguno,4,coche_u_otro,40,ninguno,alquiler,1,directivo_autonomo_alta_cualificacion,1,si,si,0
sin_cuenta_corriente,12,pagados_hasta_ahora,mobiliario,1123,500_a_1000_DM,1_a_4_anios,4,mujer_divorciada_separada_casada,ninguno,4,coche_u_otro,29,ninguno,alquiler,1,no_cualificado_residente,1,no,si,1
menos_de_0_DM,48,cuenta_critica_otros_bancos,coche_usado,6331,menos_de_100_DM,7_anios_o_mas,4,hombre_soltero,ninguno,4,desconocido_sin_propiedad,46,ninguno,gratuita,2,empleado_cualificado,1,si,si,1
200_DM_o_mas,24,pagados_hasta_ahora,radio_tv,1377,,7_anios_o_mas,4,mujer_divorciada_separada_casada,ninguno,2,desconocido_sin_propiedad,47,ninguno,gratuita,1,empleado_cualificado,1,si,si,0
0_a_200_DM,30,retraso_en_pagos_previos,negocio,2503,100_a_500_DM,7_anios_o_mas,4,hombre_soltero,ninguno,2,seguro_vida_o_similar,41,tiendas,propia,2,empleado_cualificado,1,no,si,0
0_a_200_DM,27,pagados_hasta_ahora,negocio,2528,menos_de_100_DM,menos_de_1_anio,4,mujer_divorciada_separada_casada,ninguno,1,seguro_vida_o_similar,32,ninguno,propia,1,empleado_cualificado,2,si,si,0
sin_cuenta_corriente,15,pagados_hasta_ahora,coche_nuevo,5324,500_a_1000_DM,7_anios_o_mas,1,mujer_divorciada_separada_casada,ninguno,4,desconocido_sin_propiedad,35,ninguno,gratuita,1,empleado_cualificado,1,no,si,0
0_a_200_DM,48,pagados_hasta_ahora,coche_nuevo,6560,100_a_500_DM,4_a_7_anios,3,hombre_soltero,ninguno,2,seguro_vida_o_similar,24,ninguno,propia,1,empleado_cualificado,1,no,si,1
0_a_200_DM,12,sin_creditos_previos,mobiliario,2969,menos_de_100_DM,menos_de_1_anio,4,mujer_divorciada_separada_casada,ninguno,3,seguro_vida_o_similar,25,ninguno,alquiler,2,empleado_cualificado,1,no,si,1
0_a_200_DM,9,pagados_hasta_ahora,radio_tv,1206,menos_de_100_DM,7_anios_o_mas,4,mujer_divorciada_separada_casada,ninguno,4,inmueble,25,ninguno,propia,1,empleado_cualificado,1,no,si,0
0_a_200_DM,9,pagados_hasta_ahora,radio_tv,2118,menos_de_100_DM,1_a_4_anios,2,hombre_soltero,ninguno,2,inmueble,37,ninguno,propia,1,no_cualificado_residente,2,no,si,0
sin_cuenta_corriente,18,cuenta_critica_otros_bancos,radio_tv,629,500_a_1000_DM,7_anios_o_mas,4,hombre_soltero,ninguno,3,seguro_vida_o_similar,32,banco,propia,2,directivo_autonomo_alta_cualificacion,1,si,si,0
menos_de_0_DM,6,todos_pagados_en_este_banco,educacion,1198,menos_de_100_DM,7_anios_o_mas,4,mujer_divorciada_separada_casada,ninguno,4,desconocido_sin_propiedad,35,ninguno,gratuita,1,empleado_cualificado,1,no,si,1
sin_cuenta_corriente,21,pagados_hasta_ahora,coche_usado,2476,desconocido_sin_cuenta_ahorro,7_anios_o_mas,4,hombre_soltero,ninguno,4,inmueble,46,ninguno,propia,1,directivo_autonomo_alta_cualificacion,1,si,si,0
menos_de_0_DM,9,cuenta_critica_otros_bancos,radio_tv,1138,menos_de_100_DM,1_a_4_anios,4,hombre_soltero,ninguno,4,inmueble,25,ninguno,propia,2,no_cualificado_residente,1,no,si,0
0_a_200_DM,60,pagados_hasta_ahora,coche_nuevo,14027,menos_de_100_DM,4_a_7_anios,4,hombre_soltero,ninguno,2,desconocido_sin_propiedad,27,ninguno,propia,1,directivo_autonomo_alta_cualificacion,1,si,si,1
sin_cuenta_corriente,30,cuenta_critica_otros_bancos,coche_usado,7596,desconocido_sin_cuenta_ahorro,7_anios_o_mas,1,hombre_soltero,ninguno,4,coche_u_otro,63,ninguno,propia,2,empleado_cualificado,1,no,si,0
sin_cuenta_corriente,30,cuenta_critica_otros_bancos,radio_tv,3077,desconocido_sin_cuenta_ahorro,7_anios_o_mas,3,hombre_soltero,ninguno,2,coche_u_otro,40,ninguno,propia,2,empleado_cualificado,2,si,si,0
sin_cuenta_corriente,18,pagados_hasta_ahora,radio_tv,1505,menos_de_100_DM,1_a_4_anios,4,hombre_soltero,ninguno,2,desconocido_sin_propiedad,32,ninguno,gratuita,1,directivo_autonomo_alta_cualificacion,1,si,si,0
200_DM_o_mas,24,cuenta_critica_otros_bancos,radio_tv,3148,desconocido_sin_cuenta_ahorro,1_a_4_anios,3,hombre_soltero,ninguno,2,coche_u_otro,31,ninguno,propia,2,empleado_cualificado,1,si,si,0
0_a_200_DM,20,sin_creditos_previos,coche_usado,6148,100_a_500_DM,7_anios_o_mas,3,hombre_casado_viudo,ninguno,4,coche_u_otro,31,banco,propia,2,empleado_cualificado,1,si,si,0
200_DM_o_mas,9,sin_creditos_previos,radio_tv,1337,menos_de_100_DM,menos_de_1_anio,4,hombre_soltero,ninguno,2,coche_u_otro,34,ninguno,propia,2,directivo_autonomo_alta_cualificacion,1,si,si,1
0_a_200_DM,6,todos_pagados_en_este_banco,educacion,433,1000_DM_o_mas,menos_de_1_anio,4,mujer_divorciada_separada_casada,ninguno,2,seguro_vida_o_similar,24,banco,alquiler,1,empleado_cualificado,2,no,si,1
menos_de_0_DM,12,pagados_hasta_ahora,coche_nuevo,1228,menos_de_100_DM,1_a_4_anios,4,mujer_divorciada_separada_casada,ninguno,2,inmueble,24,ninguno,propia,1,no_cualificado_residente,1,no,si,1
0_a_200_DM,9,pagados_hasta_ahora,radio_tv,790,500_a_1000_DM,1_a_4_anios,4,mujer_divorciada_separada_casada,ninguno,3,inmueble,66,ninguno,propia,1,no_cualificado_residente,1,no,si,0
sin_cuenta_corriente,27,pagados_hasta_ahora,coche_nuevo,2570,menos_de_100_DM,1_a_4_anios,3,mujer_divorciada_separada_casada,ninguno,3,inmueble,21,ninguno,alquiler,1,empleado_cualificado,1,no,si,1
sin_cuenta_corriente,6,cuenta_critica_otros_bancos,coche_nuevo,250,1000_DM_o_mas,1_a_4_anios,2,mujer_divorciada_separada_casada,ninguno,2,inmueble,41,banco,propia,2,no_cualificado_residente,1,no,si,0
sin_cuenta_corriente,15,cuenta_critica_otros_bancos,radio_tv,1316,500_a_1000_DM,1_a_4_anios,2,hombre_casado_viudo,ninguno,2,seguro_vida_o_similar,47,ninguno,propia,2,no_cualificado_residente,1,no,si,0
menos_de_0_DM,18,pagados_hasta_ahora,radio_tv,1882,menos_de_100_DM,1_a_4_anios,4,mujer_divorciada_separada_casada,ninguno,4,coche_u_otro,25,banco,alquiler,2,empleado_cualificado,1,no,si,1
0_a_200_DM,48,todos_pagados_en_este_banco,negocio,6416,menos_de_100_DM,7_anios_o_mas,4,mujer_divorciada_separada_casada,ninguno,3,desconocido_sin_propiedad,59,ninguno,alquiler,1,empleado_cualificado,1,no,si,1
200_DM_o_mas,24,cuenta_critica_otros_bancos,negocio,1275,1000_DM_o_mas,1_a_4_anios,2,hombre_divorciado_separado,ninguno,4,inmueble,36,ninguno,propia,2,empleado_cualificado,1,si,si,0
0_a_200_DM,24,retraso_en_pagos_previos,radio_tv,6403,menos_de_100_DM,menos_de_1_anio,1,hombre_soltero,ninguno,2,coche_u_otro,33,ninguno,propia,1,empleado_cualificado,1,no,si,0
menos_de_0_DM,24,pagados_hasta_ahora,radio_tv,1987,menos_de_100_DM,1_a_4_anios,2,hombre_soltero,ninguno,4,inmueble,21,ninguno,alquiler,1,no_cualificado_residente,2,no,si,1
0_a_200_DM,8,pagados_hasta_ahora,radio_tv,760,menos_de_100_DM,4_a_7_anios,4,mujer_divorciada_separada_casada,avalista,2,inmueble,44,ninguno,propia,1,no_cualificado_residente,1,no,si,0
sin_cuenta_corriente,24,pagados_hasta_ahora,coche_usado,2603,1000_DM_o_mas,1_a_4_anios,2,mujer_divorciada_separada_casada,ninguno,4,coche_u_otro,28,ninguno,alquiler,1,empleado_cualificado,1,si,si,0
sin_cuenta_corriente,4,cuenta_critica_otros_bancos,coche_nuevo,3380,menos_de_100_DM,4_a_7_anios,1,mujer_divorciada_separada_casada,ninguno,1,inmueble,37,ninguno,propia,1,empleado_cualificado,2,no,si,0
0_a_200_DM,36,todos_pagados_en_este_banco,electrodomesticos,3990,,menos_de_1_anio,3,mujer_divorciada_separada_casada,ninguno,2,desconocido_sin_propiedad,29,banco,propia,1,no_cualificado_no_residente,1,no,si,0
0_a_200_DM,24,pagados_hasta_ahora,coche_usado,11560,menos_de_100_DM,1_a_4_anios,1,mujer_divorciada_separada_casada,ninguno,4,coche_u_otro,23,ninguno,alquiler,2,directivo_autonomo_alta_cualificacion,1,no,si,1
menos_de_0_DM,18,pagados_hasta_ahora,coche_nuevo,4380,100_a_500_DM,1_a_4_anios,3,hombre_soltero,ninguno,4,coche_u_otro,35,ninguno,propia,1,no_cualificado_residente,2,si,si,0
sin_cuenta_corriente,6,cuenta_critica_otros_bancos,coche_nuevo,6761,menos_de_100_DM,4_a_7_anios,1,hombre_soltero,ninguno,3,desconocido_sin_propiedad,45,ninguno,propia,2,directivo_autonomo_alta_cualificacion,2,si,si,0
0_a_200_DM,30,sin_creditos_previos,negocio,4280,100_a_500_DM,1_a_4_anios,4,mujer_divorciada_separada_casada,ninguno,4,coche_u_otro,26,ninguno,alquiler,2,no_cualificado_residente,1,no,si,1
menos_de_0_DM,24,todos_pagados_en_este_banco,coche_nuevo,2325,100_a_500_DM,4_a_7_anios,2,hombre_soltero,ninguno,3,coche_u_otro,32,banco,propia,1,empleado_cualificado,1,no,si,0
0_a_200_DM,10,todos_pagados_en_este_banco,radio_tv,1048,menos_de_100_DM,1_a_4_anios,4,hombre_soltero,ninguno,4,inmueble,23,tiendas,propia,1,no_cualificado_residente,1,no,si,0
sin_cuenta_corriente,21,pagados_hasta_ahora,radio_tv,3160,desconocido_sin_cuenta_ahorro,7_anios_o_mas,4,hombre_soltero,ninguno,3,seguro_vida_o_similar,41,ninguno,propia,1,empleado_cualificado,1,si,si,0
menos_de_0_DM,24,todos_pagados_en_este_banco,mobiliario,2483,500_a_1000_DM,1_a_4_anios,4,hombre_soltero,ninguno,4,inmueble,22,tiendas,propia,1,empleado_cualificado,1,si,si,0
menos_de_0_DM,39,cuenta_critica_otros_bancos,mobiliario,14179,desconocido_sin_cuenta_ahorro,4_a_7_anios,4,hombre_soltero,ninguno,4,seguro_vida_o_similar,30,ninguno,propia,2,directivo_autonomo_alta_cualificacion,1,si,si,0
menos_de_0_DM,13,cuenta_critica_otros_bancos,negocio,1797,menos_de_100_DM,menos_de_1_anio,3,hombre_soltero,ninguno,1,seguro_vida_o_similar,28,banco,propia,2,no_cualificado_residente,1,no,si,0
menos_de_0_DM,15,pagados_hasta_ahora,coche_nuevo,2511,menos_de_100_DM,desempleado,1,mujer_divorciada_separada_casada,ninguno,4,coche_u_otro,23,ninguno,alquiler,1,empleado_cualificado,1,no,si,0
menos_de_0_DM,12,pagados_hasta_ahora,coche_nuevo,1274,menos_de_100_DM,menos_de_1_anio,3,mujer_divorciada_separada_casada,ninguno,1,inmueble,37,ninguno,propia,1,no_cualificado_residente,1,no,si,1
sin_cuenta_corriente,21,pagados_hasta_ahora,coche_usado,5248,desconocido_sin_cuenta_ahorro,1_a_4_anios,1,hombre_soltero,ninguno,3,coche_u_otro,26,ninguno,propia,1,empleado_cualificado,1,no,si,0
sin_cuenta_corriente,15,pagados_hasta_ahora,coche_usado,3029,menos_de_100_DM,4_a_7_anios,2,hombre_soltero,ninguno,2,coche_u_otro,33,ninguno,propia,1,empleado_cualificado,1,no,si,0
menos_de_0_DM,6,pagados_hasta_ahora,mobiliario,428,menos_de_100_DM,7_anios_o_mas,2,mujer_divorciada_separada_casada,ninguno,1,seguro_vida_o_similar,49,banco,propia,1,empleado_cualificado,1,si,si,0
menos_de_0_DM,18,pagados_hasta_ahora,coche_nuevo,976,menos_de_100_DM,menos_de_1_anio,1,mujer_divorciada_separada_casada,ninguno,2,coche_u_otro,23,ninguno,propia,1,no_cualificado_residente,1,no,si,1
0_a_200_DM,12,pagados_hasta_ahora,negocio,841,100_a_500_DM,4_a_7_anios,2,mujer_divorciada_separada_casada,ninguno,4,inmueble,23,ninguno,alquiler,1,no_cualificado_residente,1,no,si,0
sin_cuenta_corriente,30,cuenta_critica_otros_bancos,radio_tv,5771,menos_de_100_DM,4_a_7_anios,4,mujer_divorciada_separada_casada,ninguno,2,coche_u_otro,25,ninguno,propia,2,empleado_cualificado,1,no,si,0
sin_cuenta_corriente,12,retraso_en_pagos_previos,reparaciones,1555,1000_DM_o_mas,7_anios_o_mas,4,hombre_soltero,ninguno,4,desconocido_sin_propiedad,55,ninguno,gratuita,2,empleado_cualificado,2,no,si,1
menos_de_0_DM,24,pagados_hasta_ahora,coche_nuevo,1285,desconocido_sin_cuenta_ahorro,4_a_7_anios,4,mujer_divorciada_separada_casada,ninguno,4,desconocido_sin_propiedad,32,ninguno,alquiler,1,empleado_cualificado,1,no,si,1
200_DM_o_mas,6,cuenta_critica_otros_bancos,coche_nuevo,1299,menos_de_100_DM,1_a_4_anios,1,hombre_soltero,ninguno,1,inmueble,74,ninguno,propia,3,no_cualificado_no_residente,2,no,no,0
200_DM_o_mas,15,cuenta_critica_otros_bancos,radio_tv,1271,desconocido_sin_cuenta_ahorro,1_a_4_anios,3,hombre_soltero,ninguno,4,desconocido_sin_propiedad,39,ninguno,gratuita,2,empleado_cualificado,1,si,si,1
sin_cuenta_corriente,24,pagados_hasta_ahora,coche_nuevo,1393,menos_de_100_DM,1_a_4_anios,2,hombre_soltero,avalista,2,inmueble,31,ninguno,propia,1,empleado_cualificado,1,si,si,0
menos_de_0_DM,12,cuenta_critica_otros_bancos,coche_nuevo,691,menos_de_100_DM,7_anios_o_mas,4,hombre_soltero,ninguno,3,seguro_vida_o_similar,35,ninguno,propia,2,empleado_cualificado,1,no,si,1
sin_cuenta_corriente,15,cuenta_critica_otros_bancos,coche_nuevo,5045,desconocido_sin_cuenta_ahorro,7_anios_o_mas,1,mujer_divorciada_separada_casada,ninguno,4,coche_u_otro,59,ninguno,propia,1,empleado_cualificado,1,si,si,0
menos_de_0_DM,18,cuenta_critica_otros_bancos,mobiliario,2124,menos_de_100_DM,1_a_4_anios,4,mujer_divorciada_separada_casada,ninguno,4,inmueble,24,ninguno,alquiler,2,,1,no,si,1
menos_de_0_DM,12,pagados_hasta_ahora,radio_tv,2214,menos_de_100_DM,1_a_4_anios,4,hombre_soltero,ninguno,3,seguro_vida_o_similar,24,ninguno,propia,1,no_cualificado_residente,1,no,si,0
sin_cuenta_corriente,21,cuenta_critica_otros_bancos,coche_nuevo,12680,desconocido_sin_cuenta_ahorro,7_anios_o_mas,4,hombre_soltero,ninguno,4,desconocido_sin_propiedad,30,ninguno,gratuita,1,directivo_autonomo_alta_cualificacion,1,si,si,1
sin_cuenta_corriente,24,cuenta_critica_otros_bancos,coche_nuevo,2463,100_a_500_DM,4_a_7_anios,4,hombre_casado_viudo,ninguno,3,seguro_vida_o_similar,27,ninguno,propia,2,empleado_cualificado,1,si,si,0
0_a_200_DM,12,pagados_hasta_ahora,radio_tv,1155,menos_de_100_DM,7_anios_o_mas,3,hombre_casado_viudo,avalista,3,inmueble,40,banco,propia,2,no_cualificado_residente,1,no,si,0
menos_de_0_DM,30,pagados_hasta_ahora,mobiliario,3108,menos_de_100_DM,menos_de_1_anio,2,hombre_divorciado_separado,ninguno,4,seguro_vida_o_similar,31,ninguno,propia,1,no_cualificado_residente,1,no,si,1
sin_cuenta_corriente,10,pagados_hasta_ahora,coche_usado,2901,desconocido_sin_cuenta_ahorro,menos_de_1_anio,1,mujer_divorciada_separada_casada,ninguno,4,inmueble,31,ninguno,alquiler,1,empleado_cualificado,1,no,si,0
0_a_200_DM,12,cuenta_critica_otros_bancos,mobiliario,3617,menos_de_100_DM,7_anios_o_mas,1,hombre_soltero,ninguno,4,coche_u_otro,28,ninguno,alquiler,3,empleado_cualificado,1,si,si,0
sin_cuenta_corriente,12,cuenta_critica_otros_bancos,radio_tv,1655,menos_de_100_DM,7_anios_o_mas,2,hombre_soltero,ninguno,4,inmueble,63,ninguno,propia,2,no_cualificado_residente,1,si,si,0
menos_de_0_DM,24,pagados_hasta_ahora,coche_usado,2812,desconocido_sin_cuenta_ahorro,7_anios_o_mas,2,mujer_divorciada_separada_casada,ninguno,4,inmueble,26,ninguno,alquiler,1,empleado_cualificado,1,no,si,0
menos_de_0_DM,36,cuenta_critica_otros_bancos,educacion,8065,menos_de_100_DM,1_a_4_anios,3,mujer_divorciada_separada_casada,ninguno,2,desconocido_sin_propiedad,25,ninguno,propia,2,directivo_autonomo_alta_cualificacion,1,si,si,1
sin_cuenta_corriente,21,cuenta_critica_otros_bancos,coche_usado,3275,menos_de_100_DM,7_anios_o_mas,1,hombre_soltero,ninguno,4,coche_u_otro,36,ninguno,propia,1,directivo_autonomo_alta_cualificacion,1,si,si,0
sin_cuenta_corriente,24,cuenta_critica_otros_bancos,radio_tv,2223,100_a_500_DM,7_anios_o_mas,4,hombre_soltero,ninguno,4,seguro_vida_o_similar,52,banco,propia,2,empleado_cualificado,1,no,si,0
200_DM_o_mas,12,cuenta_critica_otros_bancos,coche_nuevo,1480,500_a_1000_DM,desempleado,2,hombre_soltero,ninguno,4,desconocido_sin_propiedad,66,banco,gratuita,3,no_cualificado_no_residente,1,no,si,0
menos_de_0_DM,24,pagados_hasta_ahora,coche_nuevo,1371,desconocido_sin_cuenta_ahorro,1_a_4_anios,4,mujer_divorciada_separada_casada,ninguno,4,inmueble,25,ninguno,alquiler,1,empleado_cualificado,1,no,si,1
sin_cuenta_corriente,36,cuenta_critica_otros_bancos,coche_nuevo,3535,menos_de_100_DM,4_a_7_anios,4,hombre_soltero,ninguno,4,coche_u_otro,37,ninguno,propia,2,empleado_cualificado,1,si,si,0
menos_de_0_DM,18,pagados_hasta_ahora,radio_tv,3509,menos_de_100_DM,4_a_7_anios,4,mujer_divorciada_separada_casada,avalista,1,inmueble,25,ninguno,propia,1,empleado_cualificado,1,no,si,0
sin_cuenta_corriente,36,cuenta_critica_otros_bancos,coche_usado,5711,1000_DM_o_mas,7_anios_o_mas,4,hombre_soltero,ninguno,2,coche_u_otro,38,ninguno,propia,2,directivo_autonomo_alta_cualificacion,1,si,si,0
0_a_200_DM,18,pagados_hasta_ahora,reparaciones,3872,menos_de_100_DM,desempleado,2,mujer_divorciada_separada_casada,ninguno,4,coche_u_otro,67,ninguno,propia,1,empleado_cualificado,1,si,si,0
0_a_200_DM,39,cuenta_critica_otros_bancos,radio_tv,4933,menos_de_100_DM,4_a_7_anios,2,hombre_soltero,avalista,2,inmueble,25,ninguno,propia,2,empleado_cualificado,1,no,si,1
sin_cuenta_corriente,24,cuenta_critica_otros_bancos,coche_nuevo,1940,1000_DM_o_mas,7_anios_o_mas,4,hombre_soltero,ninguno,4,inmueble,60,ninguno,propia,1,empleado_cualificado,1,si,si,0
0_a_200_DM,12,sin_creditos_previos,reciclaje_profesional,1410,menos_de_100_DM,1_a_4_anios,2,hombre_soltero,ninguno,2,inmueble,31,ninguno,propia,1,no_cualificado_residente,1,si,si,0
0_a_200_DM,12,pagados_hasta_ahora,coche_nuevo,836,100_a_500_DM,menos_de_1_anio,4,mujer_divorciada_separada_casada,ninguno,2,seguro_vida_o_similar,23,banco,propia,1,no_cualificado_residente,1,no,si,1
0_a_200_DM,20,pagados_hasta_ahora,coche_usado,6468,desconocido_sin_cuenta_ahorro,desempleado,1,hombre_divorciado_separado,ninguno,4,inmueble,60,ninguno,propia,1,directivo_autonomo_alta_cualificacion,1,si,si,0
0_a_200_DM,18,pagados_hasta_ahora,negocio,1941,1000_DM_o_mas,1_a_4_anios,4,hombre_soltero,ninguno,2,seguro_vida_o_similar,35,ninguno,propia,1,no_cualificado_residente,1,si,si,0
sin_cuenta_corriente,22,pagados_hasta_ahora,radio_tv,2675,500_a_1000_DM,7_anios_o_mas,3,hombre_soltero,ninguno,4,coche_u_otro,40,ninguno,propia,1,empleado_cualificado,1,no,si,0
0_a_200_DM,48,retraso_en_pagos_previos,educacion,6224,menos_de_100_DM,7_anios_o_mas,4,hombre_soltero,ninguno,4,desconocido_sin_propiedad,50,ninguno,gratuita,1,empleado_cualificado,1,no,si,1
menos_de_0_DM,40,cuenta_critica_otros_bancos,educacion,5998,menos_de_100_DM,1_a_4_anios,4,hombre_soltero,ninguno,3,desconocido_sin_propiedad,27,banco,propia,1,empleado_cualificado,1,si,si,1
0_a_200_DM,21,pagados_hasta_ahora,negocio,1188,menos_de_100_DM,7_anios_o_mas,2,mujer_divorciada_separada_casada,ninguno,4,seguro_vida_o_similar,39,ninguno,propia,1,empleado_cualificado,2,no,si,1
sin_cuenta_corriente,24,pagados_hasta_ahora,coche_usado,6313,desconocido_sin_cuenta_ahorro,7_anios_o_mas,3,hombre_soltero,ninguno,4,coche_u_otro,41,ninguno,propia,1,directivo_autonomo_alta_cualificacion,2,si,si,0
sin_cuenta_corriente,6,cuenta_critica_otros_bancos,mobiliario,1221,desconocido_sin_cuenta_ahorro,1_a_4_anios,1,hombre_casado_viudo,ninguno,2,seguro_vida_o_similar,27,ninguno,propia,2,empleado_cualificado,1,no,si,0
200_DM_o_mas,24,pagados_hasta_ahora,mobiliario,2892,menos_de_100_DM,7_anios_o_mas,3,hombre_divorciado_separado,ninguno,4,desconocido_sin_propiedad,51,ninguno,gratuita,1,empleado_cualificado,1,no,si,0
sin_cuenta_corriente,24,pagados_hasta_ahora,mobiliario,3062,500_a_1000_DM,7_anios_o_mas,4,hombre_soltero,ninguno,3,desconocido_sin_propiedad,32,ninguno,alquiler,1,empleado_cualificado,1,si,si,0
sin_cuenta_corriente,9,pagados_hasta_ahora,mobiliario,2301,100_a_500_DM,menos_de_1_anio,2,mujer_divorciada_separada_casada,ninguno,4,seguro_vida_o_similar,22,ninguno,alquiler,1,empleado_cualificado,1,no,si,0
menos_de_0_DM,18,pagados_hasta_ahora,coche_usado,7511,desconocido_sin_cuenta_ahorro,7_anios_o_mas,1,hombre_soltero,ninguno,4,seguro_vida_o_similar,51,ninguno,gratuita,1,empleado_cualificado,2,si,si,1
sin_cuenta_corriente,12,cuenta_critica_otros_bancos,mobiliario,1258,menos_de_100_DM,menos_de_1_anio,2,mujer_divorciada_separada_casada,ninguno,4,seguro_vida_o_similar,22,ninguno,alquiler,2,no_cualificado_residente,1,no,si,0
sin_cuenta_corriente,24,retraso_en_pagos_previos,coche_nuevo,717,desconocido_sin_cuenta_ahorro,7_anios_o_mas,4,hombre_casado_viudo,ninguno,4,coche_u_otro,54,ninguno,propia,2,empleado_cualificado,1,si,si,0
0_a_200_DM,9,pagados_hasta_ahora,coche_nuevo,1549,desconocido_sin_cuenta_ahorro,menos_de_1_anio,4,hombre_soltero,ninguno,2,inmueble,35,ninguno,propia,1,no_cualificado_no_residente,1,no,si,0
sin_cuenta_corriente,24,cuenta_critica_otros_bancos,educacion,1597,menos_de_100_DM,7_anios_o_mas,4,hombre_soltero,ninguno,4,desconocido_sin_propiedad,54,ninguno,gratuita,2,empleado_cualificado,2,no,si,0
0_a_200_DM,18,cuenta_critica_otros_bancos,radio_tv,1795,menos_de_100_DM,7_anios_o_mas,3,mujer_divorciada_separada_casada,avalista,4,inmueble,48,banco,alquiler,2,no_cualificado_residente,1,si,si,0
menos_de_0_DM,20,cuenta_critica_otros_bancos,mobiliario,4272,menos_de_100_DM,7_anios_o_mas,1,mujer_divorciada_separada_casada,ninguno,4,seguro_vida_o_similar,24,ninguno,propia,2,empleado_cualificado,1,no,si,0
sin_cuenta_corriente,12,cuenta_critica_otros_bancos,radio_tv,976,desconocido_sin_cuenta_ahorro,7_anios_o_mas,4,hombre_soltero,ninguno,4,coche_u_otro,35,ninguno,propia,2,empleado_cualificado,1,no,si,0
0_a_200_DM,12,pagados_hasta_ahora,coche_nuevo,7472,desconocido_sin_cuenta_ahorro,desempleado,1,mujer_divorciada_separada_casada,ninguno,2,inmueble,24,ninguno,,1,no_cualificado_no_residente,1,no,si,0
menos_de_0_DM,36,pagados_hasta_ahora,coche_nuevo,9271,menos_de_100_DM,4_a_7_anios,2,hombre_soltero,ninguno,1,coche_u_otro,24,ninguno,propia,1,empleado_cualificado,1,si,si,1
0_a_200_DM,6,pagados_hasta_ahora,radio_tv,590,menos_de_100_DM,menos_de_1_anio,3,hombre_casado_viudo,ninguno,3,inmueble,26,ninguno,propia,1,no_cualificado_residente,1,no,no,0
sin_cuenta_corriente,12,cuenta_critica_otros_bancos,radio_tv,930,desconocido_sin_cuenta_ahorro,7_anios_o_mas,4,hombre_soltero,ninguno,4,inmueble,65,ninguno,propia,4,empleado_cualificado,1,no,si,0
0_a_200_DM,42,todos_pagados_en_este_banco,coche_usado,9283,menos_de_100_DM,desempleado,1,hombre_soltero,ninguno,2,desconocido_sin_propiedad,55,banco,gratuita,1,directivo_autonomo_alta_cualificacion,1,si,si,0
0_a_200_DM,15,sin_creditos_previos,coche_nuevo,1778,menos_de_100_DM,menos_de_1_anio,2,mujer_divorciada_separada_casada,ninguno,1,inmueble,26,ninguno,alquiler,2,no_cualificado_no_residente,1,no,si,1
0_a_200_DM,8,pagados_hasta_ahora,negocio,907,menos_de_100_DM,menos_de_1_anio,3,hombre_casado_viudo,ninguno,2,inmueble,26,ninguno,propia,1,empleado_cualificado,1,si,si,0
0_a_200_DM,6,pagados_hasta_ahora,radio_tv,484,menos_de_100_DM,4_a_7_anios,3,hombre_casado_viudo,avalista,3,inmueble,28,banco,propia,1,no_cualificado_residente,1,no,si,0
menos_de_0_DM,36,cuenta_critica_otros_bancos,coche_usado,9629,menos_de_100_DM,4_a_7_anios,4,hombre_soltero,ninguno,4,coche_u_otro,24,ninguno,propia,2,empleado_cualificado,1,si,si,1
menos_de_0_DM,48,pagados_hasta_ahora,electrodomesticos,3051,menos_de_100_DM,1_a_4_anios,3,hombre_soltero,ninguno,4,coche_u_otro,54,ninguno,propia,1,empleado_cualificado,1,no,si,1
menos_de_0_DM,48,pagados_hasta_ahora,coche_nuevo,3931,menos_de_100_DM,4_a_7_anios,4,hombre_soltero,ninguno,4,desconocido_sin_propiedad,46,ninguno,gratuita,1,empleado_cualificado,2,no,si,1
0_a_200_DM,36,retraso_en_pagos_previos,coche_nuevo,7432,menos_de_100_DM,1_a_4_anios,2,mujer_divorciada_separada_casada,ninguno,2,seguro_vida_o_similar,54,,alquiler,1,empleado_cualificado,1,no,si,0
sin_cuenta_corriente,6,pagados_hasta_ahora,electrodomesticos,1338,500_a_1000_DM,1_a_4_anios,1,hombre_divorciado_separado,ninguno,4,inmueble,62,ninguno,propia,1,empleado_cualificado,1,no,si,0
sin_cuenta_corriente,6,cuenta_critica_otros_bancos,radio_tv,1554,menos_de_100_DM,4_a_7_anios,1,mujer_divorciada_separada_casada,ninguno,2,coche_u_otro,24,ninguno,alquiler,2,empleado_cualificado,1,si,si,0
menos_de_0_DM,36,pagados_hasta_ahora,otros,15857,menos_de_100_DM,desempleado,2,hombre_divorciado_separado,codeudor,3,coche_u_otro,43,ninguno,propia,1,directivo_autonomo_alta_cualificacion,1,no,si,0
menos_de_0_DM,,pagados_hasta_ahora,radio_tv,1345,menos_de_100_DM,1_a_4_anios,4,hombre_casado_viudo,ninguno,3,inmueble,26,banco,propia,1,empleado_cualificado,1,no,si,1
sin_cuenta_corriente,12,pagados_hasta_ahora,coche_nuevo,1101,menos_de_100_DM,1_a_4_anios,3,hombre_casado_viudo,ninguno,2,inmueble,27,ninguno,propia,2,empleado_cualificado,1,si,si,0
200_DM_o_mas,12,pagados_hasta_ahora,radio_tv,3016,menos_de_100_DM,1_a_4_anios,3,hombre_casado_viudo,ninguno,1,coche_u_otro,24,ninguno,propia,1,empleado_cualificado,1,no,si,0
menos_de_0_DM,36,pagados_hasta_ahora,mobiliario,2712,menos_de_100_DM,7_anios_o_mas,2,hombre_soltero,ninguno,2,seguro_vida_o_similar,41,banco,propia,1,empleado_cualificado,2,no,si,1
menos_de_0_DM,8,cuenta_critica_otros_bancos,coche_nuevo,731,menos_de_100_DM,7_anios_o_mas,4,hombre_soltero,ninguno,4,inmueble,47,ninguno,propia,2,no_cualificado_residente,1,no,si,0
sin_cuenta_corriente,18,cuenta_critica_otros_bancos,mobiliario,3780,menos_de_100_DM,menos_de_1_anio,3,hombre_divorciado_separado,ninguno,2,coche_u_otro,35,ninguno,propia,2,directivo_autonomo_alta_cualificacion,1,si,si,0
menos_de_0_DM,21,cuenta_critica_otros_bancos,coche_nuevo,1602,menos_de_100_DM,7_anios_o_mas,4,hombre_casado_viudo,ninguno,3,coche_u_otro,30,ninguno,propia,2,empleado_cualificado,1,si,si,0
menos_de_0_DM,18,cuenta_critica_otros_bancos,coche_nuevo,3966,menos_de_100_DM,7_anios_o_mas,1,mujer_divorciada_separada_casada,ninguno,4,inmueble,33,banco,alquiler,3,empleado_cualificado,1,si,si,1
sin_cuenta_corriente,18,sin_creditos_previos,negocio,4165,menos_de_100_DM,1_a_4_anios,2,hombre_soltero,ninguno,2,coche_u_otro,36,tiendas,propia,2,empleado_cualificado,2,no,si,1
menos_de_0_DM,36,pagados_hasta_ahora,coche_usado,8335,desconocido_sin_cuenta_ahorro,7_anios_o_mas,3,hombre_soltero,,4,desconocido_sin_propiedad,47,ninguno,gratuita,1,empleado_cualificado,1,no,si,1
0_a_200_DM,48,retraso_en_pagos_previos,negocio,6681,desconocido_sin_cuenta_ahorro,1_a_4_anios,4,hombre_soltero,ninguno,4,desconocido_sin_propiedad,38,ninguno,gratuita,1,empleado_cualificado,2,si,si,0
sin_cuenta_corriente,24,retraso_en_pagos_previos,negocio,2375,500_a_1000_DM,1_a_4_anios,4,hombre_soltero,ninguno,2,coche_u_otro,44,ninguno,propia,2,empleado_cualificado,2,si,si,0
menos_de_0_DM,18,pagados_hasta_ahora,coche_nuevo,1216,menos_de_100_DM,menos_de_1_anio,4,mujer_divorciada_separada_casada,ninguno,3,coche_u_otro,23,ninguno,alquiler,1,empleado_cualificado,1,si,si,1
menos_de_0_DM,45,sin_creditos_previos,negocio,11816,menos_de_100_DM,7_anios_o_mas,2,hombre_soltero,ninguno,4,coche_u_otro,29,ninguno,alquiler,2,empleado_cualificado,1,no,si,1
0_a_200_DM,24,pagados_hasta_ahora,radio_tv,5084,desconocido_sin_cuenta_ahorro,7_anios_o_mas,2,mujer_divorciada_separada_casada,ninguno,4,coche_u_otro,42,ninguno,propia,1,empleado_cualificado,1,si,si,0
200_DM_o_mas,15,pagados_hasta_ahora,radio_tv,2327,menos_de_100_DM,menos_de_1_anio,2,mujer_divorciada_separada_casada,ninguno,3,inmueble,25,ninguno,propia,1,no_cualificado_residente,1,no,si,1
menos_de_0_DM,12,sin_creditos_previos,coche_nuevo,1082,menos_de_100_DM,1_a_4_anios,4,hombre_soltero,ninguno,4,coche_u_otro,48,banco,propia,2,empleado_cualificado,1,no,si,1
sin_cuenta_corriente,12,pagados_hasta_ahora,radio_tv,886,desconocido_sin_cuenta_ahorro,1_a_4_anios,4,mujer_divorciada_separada_casada,ninguno,2,coche_u_otro,21,ninguno,propia,1,empleado_cualificado,1,no,si,0
sin_cuenta_corriente,4,pagados_hasta_ahora,mobiliario,601,menos_de_100_DM,menos_de_1_anio,1,mujer_divorciada_separada_casada,ninguno,3,inmueble,23,ninguno,alquiler,1,no_cualificado_residente,2,no,si,0
menos_de_0_DM,24,cuenta_critica_otros_bancos,coche_usado,2957,menos_de_100_DM,7_anios_o_mas,4,hombre_soltero,ninguno,4,seguro_vida_o_similar,63,ninguno,propia,2,empleado_cualificado,1,si,si,0
sin_cuenta_corriente,24,cuenta_critica_otros_bancos,radio_tv,2611,menos_de_100_DM,7_anios_o_mas,4,hombre_casado_viudo,codeudor,3,inmueble,46,ninguno,propia,2,empleado_cualificado,1,no,si,0
menos_de_0_DM,36,pagados_hasta_ahora,mobiliario,5179,menos_de_100_DM,4_a_7_anios,4,hombre_soltero,ninguno,2,seguro_vida_o_similar,29,ninguno,propia,1,empleado_cualificado,1,no,si,1
sin_cuenta_corriente,21,retraso_en_pagos_previos,coche_usado,2993,menos_de_100_DM,1_a_4_anios,3,hombre_soltero,ninguno,2,inmueble,28,tiendas,propia,2,no_cualificado_residente,1,no,si,0
sin_cuenta_corriente,18,pagados_hasta_ahora,reparaciones,1943,menos_de_100_DM,menos_de_1_anio,4,mujer_divorciada_separada_casada,ninguno,4,inmueble,23,ninguno,propia,1,empleado_cualificado,1,no,si,1
sin_cuenta_corriente,24,todos_pagados_en_este_banco,negocio,1559,menos_de_100_DM,4_a_7_anios,4,hombre_soltero,ninguno,4,coche_u_otro,50,banco,propia,1,empleado_cualificado,1,si,si,0
sin_cuenta_corriente,18,pagados_hasta_ahora,mobiliario,3422,menos_de_100_DM,7_anios_o_mas,4,hombre_soltero,ninguno,4,seguro_vida_o_similar,47,banco,propia,3,empleado_cualificado,2,si,si,0
0_a_200_DM,21,pagados_hasta_ahora,mobiliario,3976,desconocido_sin_cuenta_ahorro,4_a_7_anios,2,hombre_soltero,ninguno,3,coche_u_otro,35,ninguno,propia,1,empleado_cualificado,1,si,si,0
sin_cuenta_corriente,18,pagados_hasta_ahora,coche_nuevo,6761,desconocido_sin_cuenta_ahorro,1_a_4_anios,2,hombre_soltero,ninguno,4,coche_u_otro,68,ninguno,alquiler,2,empleado_cualificado,1,no,si,1
sin_cuenta_corriente,24,pagados_hasta_ahora,coche_nuevo,1249,menos_de_100_DM,menos_de_1_anio,4,hombre_casado_viudo,ninguno,2,inmueble,28,ninguno,propia,1,empleado_cualificado,1,no,si,0
menos_de_0_DM,9,pagados_hasta_ahora,radio_tv,1364,menos_de_100_DM,4_a_7_anios,3,hombre_soltero,ninguno,4,inmueble,59,ninguno,propia,1,empleado_cualificado,1,no,si,0
menos_de_0_DM,12,pagados_hasta_ahora,radio_tv,709,menos_de_100_DM,7_anios_o_mas,4,hombre_soltero,ninguno,4,inmueble,57,tiendas,propia,1,no_cualificado_residente,1,no,si,1
menos_de_0_DM,20,cuenta_critica_otros_bancos,coche_nuevo,2235,menos_de_100_DM,1_a_4_anios,4,hombre_casado_viudo,avalista,2,seguro_vida_o_similar,33,banco,alquiler,2,empleado_cualificado,1,no,no,1
sin_cuenta_corriente,24,cuenta_critica_otros_bancos,coche_usado,4042,desconocido_sin_cuenta_ahorro,4_a_7_anios,3,hombre_soltero,ninguno,4,seguro_vida_o_similar,43,ninguno,propia,2,empleado_cualificado,1,si,si,0
sin_cuenta_corriente,15,cuenta_critica_otros_bancos,radio_tv,1471,menos_de_100_DM,1_a_4_anios,4,hombre_soltero,ninguno,4,desconocido_sin_propiedad,35,ninguno,gratuita,2,empleado_cualificado,1,si,si,0
menos_de_0_DM,18,todos_pagados_en_este_banco,coche_nuevo,1442,menos_de_100_DM,4_a_7_anios,4,hombre_soltero,ninguno,4,desconocido_sin_propiedad,32,ninguno,gratuita,2,no_cualificado_residente,2,no,si,1
sin_cuenta_corriente,36,retraso_en_pagos_previos,coche_nuevo,10875,menos_de_100_DM,7_anios_o_mas,2,hombre_soltero,ninguno,2,coche_u_otro,45,ninguno,propia,2,empleado_cualificado,2,si,si,0
sin_cuenta_corriente,24,pagados_hasta_ahora,,1474,100_a_500_DM,menos_de_1_anio,4,hombre_casado_viudo,ninguno,3,inmueble,33,ninguno,propia,1,empleado_cualificado,1,si,si,0
sin_cuenta_corriente,10,pagados_hasta_ahora,reciclaje_profesional,894,desconocido_sin_cuenta_ahorro,4_a_7_anios,4,mujer_divorciada_separada_casada,ninguno,3,seguro_vida_o_similar,40,ninguno,propia,1,empleado_cualificado,1,si,si,0
sin_cuenta_corriente,15,cuenta_critica_otros_bancos,mobiliario,3343,menos_de_100_DM,1_a_4_anios,4,hombre_soltero,ninguno,2,desconocido_sin_propiedad,28,ninguno,gratuita,1,empleado_cualificado,1,si,si,0
menos_de_0_DM,15,pagados_hasta_ahora,coche_nuevo,3959,menos_de_100_DM,1_a_4_anios,3,mujer_divorciada_separada_casada,ninguno,2,seguro_vida_o_similar,29,ninguno,propia,1,empleado_cualificado,1,si,si,1
sin_cuenta_corriente,9,pagados_hasta_ahora,coche_nuevo,3577,100_a_500_DM,1_a_4_anios,1,hombre_soltero,avalista,2,inmueble,26,ninguno,alquiler,1,empleado_cualificado,2,no,no,0
sin_cuenta_corriente,24,cuenta_critica_otros_bancos,coche_usado,5804,1000_DM_o_mas,1_a_4_anios,4,hombre_soltero,ninguno,2,inmueble,27,ninguno,propia,2,empleado_cualificado,1,no,si,0
sin_cuenta_corriente,18,retraso_en_pagos_previos,negocio,2169,menos_de_100_DM,1_a_4_anios,4,hombre_casado_viudo,ninguno,2,coche_u_otro,28,ninguno,propia,1,empleado_cualificado,1,si,si,1
menos_de_0_DM,24,pagados_hasta_ahora,radio_tv,2439,menos_de_100_DM,menos_de_1_anio,4,mujer_divorciada_separada_casada,ninguno,4,inmueble,35,ninguno,propia,1,empleado_cualificado,1,si,si,1
sin_cuenta_corriente,27,cuenta_critica_otros_bancos,mobiliario,4526,1000_DM_o_mas,menos_de_1_anio,4,hombre_soltero,ninguno,2,inmueble,32,tiendas,propia,2,no_cualificado_residente,2,si,si,0
sin_cuenta_corriente,10,pagados_hasta_ahora,mobiliario,2210,menos_de_100_DM,1_a_4_anios,2,hombre_soltero,ninguno,2,inmueble,25,banco,alquiler,1,no_cualificado_residente,1,no,si,1
sin_cuenta_corriente,15,pagados_hasta_ahora,mobiliario,2221,500_a_1000_DM,1_a_4_anios,2,mujer_divorciada_separada_casada,ninguno,4,coche_u_otro,20,ninguno,alquiler,1,empleado_cualificado,1,no,si,0
menos_de_0_DM,18,pagados_hasta_ahora,radio_tv,2389,menos_de_100_DM,menos_de_1_anio,4,mujer_divorciada_separada_casada,ninguno,1,coche_u_otro,27,tiendas,propia,1,empleado_cualificado,1,no,si,0
sin_cuenta_corriente,12,cuenta_critica_otros_bancos,mobiliario,3331,menos_de_100_DM,7_anios_o_mas,2,hombre_soltero,ninguno,4,seguro_vida_o_similar,42,tiendas,propia,1,empleado_cualificado,1,no,si,0
sin_cuenta_corriente,36,pagados_hasta_ahora,negocio,7409,desconocido_sin_cuenta_ahorro,7_anios_o_mas,3,hombre_soltero,ninguno,2,seguro_vida_o_similar,37,ninguno,propia,2,empleado_cualificado,1,no,si,0
menos_de_0_DM,12,pagados_hasta_ahora,mobiliario,652,menos_de_100_DM,7_anios_o_mas,4,mujer_divorciada_separada_casada,ninguno,4,seguro_vida_o_similar,24,ninguno,alquiler,1,empleado_cualificado,1,no,si,0
sin_cuenta_corriente,36,retraso_en_pagos_previos,mobiliario,7678,500_a_1000_DM,4_a_7_anios,2,mujer_divorciada_separada_casada,ninguno,4,coche_u_otro,40,ninguno,propia,2,empleado_cualificado,1,si,si,0
200_DM_o_mas,6,cuenta_critica_otros_bancos,coche_nuevo,1343,menos_de_100_DM,7_anios_o_mas,1,hombre_soltero,ninguno,4,inmueble,46,ninguno,propia,2,empleado_cualificado,2,no,no,0
menos_de_0_DM,24,cuenta_critica_otros_bancos,negocio,1382,100_a_500_DM,4_a_7_anios,4,hombre_soltero,ninguno,1,inmueble,26,ninguno,propia,2,empleado_cualificado,1,si,si,0
sin_cuenta_corriente,15,pagados_hasta_ahora,electrodomesticos,874,desconocido_sin_cuenta_ahorro,menos_de_1_anio,4,mujer_divorciada_separada_casada,ninguno,1,inmueble,24,ninguno,propia,1,empleado_cualificado,1,no,si,0
menos_de_0_DM,12,pagados_hasta_ahora,mobiliario,3590,menos_de_100_DM,1_a_4_anios,2,hombre_soltero,codeudor,2,seguro_vida_o_similar,29,ninguno,propia,1,no_cualificado_residente,2,no,si,0
0_a_200_DM,11,cuenta_critica_otros_bancos,coche_nuevo,1322,1000_DM_o_mas,1_a_4_anios,4,mujer_divorciada_separada_casada,ninguno,4,coche_u_otro,40,ninguno,propia,2,empleado_cualificado,1,no,si,0
menos_de_0_DM,18,todos_pagados_en_este_banco,radio_tv,1940,menos_de_100_DM,menos_de_1_anio,3,hombre_soltero,codeudor,4,desconocido_sin_propiedad,36,banco,gratuita,1,directivo_autonomo_alta_cualificacion,1,si,si,0
sin_cuenta_corriente,36,pagados_hasta_ahora,radio_tv,3595,menos_de_100_DM,7_anios_o_mas,4,hombre_soltero,ninguno,2,coche_u_otro,28,ninguno,propia,1,empleado_cualificado,1,no,si,0
menos_de_0_DM,9,pagados_hasta_ahora,coche_nuevo,1422,menos_de_100_DM,menos_de_1_anio,3,hombre_soltero,ninguno,2,desconocido_sin_propiedad,27,ninguno,gratuita,1,directivo_autonomo_alta_cualificacion,1,si,si,1
sin_cuenta_corriente,30,cuenta_critica_otros_bancos,radio_tv,6742,desconocido_sin_cuenta_ahorro,4_a_7_anios,2,hombre_soltero,ninguno,3,seguro_vida_o_similar,36,ninguno,propia,2,empleado_cualificado,1,no,si,0
sin_cuenta_corriente,24,pagados_hasta_ahora,coche_usado,7814,menos_de_100_DM,4_a_7_anios,3,hombre_soltero,ninguno,3,coche_u_otro,38,ninguno,propia,1,directivo_autonomo_alta_cualificacion,1,si,si,0
sin_cuenta_corriente,24,pagados_hasta_ahora,coche_usado,9277,desconocido_sin_cuenta_ahorro,1_a_4_anios,2,hombre_divorciado_separado,ninguno,4,desconocido_sin_propiedad,48,ninguno,gratuita,1,empleado_cualificado,1,si,si,0
0_a_200_DM,30,cuenta_critica_otros_bancos,coche_nuevo,2181,desconocido_sin_cuenta_ahorro,7_anios_o_mas,4,hombre_soltero,ninguno,4,inmueble,36,ninguno,propia,2,empleado_cualificado,1,no,si,0
sin_cuenta_corriente,18,cuenta_critica_otros_bancos,radio_tv,1098,menos_de_100_DM,desempleado,4,mujer_divorciada_separada_casada,ninguno,4,coche_u_otro,65,ninguno,propia,2,no_cualificado_no_residente,1,no,si,0
0_a_200_DM,24,pagados_hasta_ahora,mobiliario,4057,menos_de_100_DM,4_a_7_anios,3,hombre_divorciado_separado,ninguno,3,coche_u_otro,43,ninguno,propia,1,empleado_cualificado,1,si,si,1
menos_de_0_DM,12,pagados_hasta_ahora,educacion,795,menos_de_100_DM,menos_de_1_anio,4,mujer_divorciada_separada_casada,ninguno,4,seguro_vida_o_similar,53,ninguno,propia,1,empleado_cualificado,1,no,si,1
0_a_200_DM,24,cuenta_critica_otros_bancos,negocio,2825,desconocido_sin_cuenta_ahorro,4_a_7_anios,4,hombre_soltero,ninguno,3,desconocido_sin_propiedad,34,ninguno,propia,2,empleado_cualificado,2,si,si,0
0_a_200_DM,48,pagados_hasta_ahora,negocio,15672,menos_de_100_DM,1_a_4_anios,2,hombre_soltero,ninguno,2,coche_u_otro,23,ninguno,propia,1,empleado_cualificado,1,si,si,1
sin_cuenta_corriente,36,cuenta_critica_otros_bancos,coche_nuevo,6614,menos_de_100_DM,7_anios_o_mas,4,hombre_soltero,ninguno,4,coche_u_otro,34,ninguno,propia,2,directivo_autonomo_alta_cualificacion,1,si,si,0
sin_cuenta_corriente,28,todos_pagados_en_este_banco,coche_usado,7824,desconocido_sin_cuenta_ahorro,menos_de_1_anio,3,hombre_soltero,avalista,4,inmueble,40,banco,alquiler,2,empleado_cualificado,2,si,si,0
menos_de_0_DM,27,cuenta_critica_otros_bancos,negocio,2442,menos_de_100_DM,7_anios_o_mas,4,hombre_soltero,ninguno,4,coche_u_otro,43,tiendas,propia,4,directivo_autonomo_alta_cualificacion,2,si,si,0
sin_cuenta_corriente,15,cuenta_critica_otros_bancos,radio_tv,1829,menos_de_100_DM,7_anios_o_mas,4,hombre_soltero,ninguno,4,coche_u_otro,46,ninguno,propia,2,empleado_cualificado,1,si,si,0
menos_de_0_DM,12,cuenta_critica_otros_bancos,coche_nuevo,2171,menos_de_100_DM,1_a_4_anios,4,hombre_soltero,ninguno,4,seguro_vida_o_similar,38,banco,propia,2,no_cualificado_residente,1,no,no,0
0_a_200_DM,36,cuenta_critica_otros_bancos,coche_usado,5800,menos_de_100_DM,1_a_4_anios,3,hombre_soltero,ninguno,4,coche_u_otro,34,ninguno,propia,2,empleado_cualificado,1,si,si,0
sin_cuenta_corriente,18,cuenta_critica_otros_bancos,radio_tv,1169,desconocido_sin_cuenta_ahorro,1_a_4_anios,4,hombre_soltero,ninguno,3,seguro_vida_o_similar,29,ninguno,propia,2,empleado_cualificado,1,si,si,0
sin_cuenta_corriente,36,retraso_en_pagos_previos,coche_usado,8947,desconocido_sin_cuenta_ahorro,4_a_7_anios,3,hombre_soltero,ninguno,2,coche_u_otro,31,tiendas,propia,1,directivo_autonomo_alta_cualificacion,2,si,si,0
menos_de_0_DM,21,pagados_hasta_ahora,radio_tv,2606,menos_de_100_DM,menos_de_1_anio,4,mujer_divorciada_separada_casada,ninguno,4,seguro_vida_o_similar,28,ninguno,alquiler,1,directivo_autonomo_alta_cualificacion,1,si,si,0
sin_cuenta_corriente,12,cuenta_critica_otros_bancos,mobiliario,1592,1000_DM_o_mas,4_a_7_anios,3,mujer_divorciada_separada_casada,ninguno,2,seguro_vida_o_similar,35,ninguno,propia,1,empleado_cualificado,1,no,no,0
sin_cuenta_corriente,15,pagados_hasta_ahora,mobiliario,2186,desconocido_sin_cuenta_ahorro,4_a_7_anios,1,mujer_divorciada_separada_casada,ninguno,4,inmueble,33,banco,alquiler,1,no_cualificado_residente,1,no,si,0
menos_de_0_DM,18,pagados_hasta_ahora,mobiliario,4153,menos_de_100_DM,1_a_4_anios,2,hombre_soltero,codeudor,3,coche_u_otro,42,ninguno,propia,1,empleado_cualificado,1,no,si,1
menos_de_0_DM,16,cuenta_critica_otros_bancos,coche_nuevo,2625,menos_de_100_DM,7_anios_o_mas,2,hombre_soltero,avalista,4,seguro_vida_o_similar,43,banco,alquiler,1,empleado_cualificado,1,si,si,1
sin_cuenta_corriente,20,cuenta_critica_otros_bancos,coche_nuevo,3485,desconocido_sin_cuenta_ahorro,menos_de_1_anio,2,hombre_divorciado_separado,ninguno,4,inmueble,44,ninguno,propia,2,empleado_cualificado,1,si,si,0
sin_cuenta_corriente,36,cuenta_critica_otros_bancos,coche_usado,10477,desconocido_sin_cuenta_ahorro,7_anios_o_mas,2,hombre_soltero,ninguno,4,desconocido_sin_propiedad,42,ninguno,gratuita,2,empleado_cualificado,1,no,si,0
sin_cuenta_corriente,15,pagados_hasta_ahora,radio_tv,1386,desconocido_sin_cuenta_ahorro,1_a_4_anios,4,hombre_casado_viudo,ninguno,2,inmueble,40,ninguno,alquiler,1,empleado_cualificado,1,si,si,0
sin_cuenta_corriente,24,pagados_hasta_ahora,radio_tv,,menos_de_100_DM,7_anios_o_mas,4,hombre_soltero,ninguno,1,inmueble,36,ninguno,propia,1,directivo_autonomo_alta_cualificacion,1,si,si,0
menos_de_0_DM,12,pagados_hasta_ahora,radio_tv,1107,menos_de_100_DM,1_a_4_anios,2,hombre_soltero,ninguno,2,inmueble,20,ninguno,alquiler,1,directivo_autonomo_alta_cualificacion,2,si,si,0
menos_de_0_DM,21,pagados_hasta_ahora,coche_nuevo,3763,desconocido_sin_cuenta_ahorro,4_a_7_anios,2,hombre_soltero,codeudor,2,inmueble,24,ninguno,propia,1,no_cualificado_residente,1,no,no,0
0_a_200_DM,36,pagados_hasta_ahora,educacion,3711,desconocido_sin_cuenta_ahorro,1_a_4_anios,2,hombre_casado_viudo,ninguno,2,coche_u_otro,27,ninguno,propia,1,empleado_cualificado,1,no,si,0
sin_cuenta_corriente,15,retraso_en_pagos_previos,coche_usado,3594,menos_de_100_DM,menos_de_1_anio,1,mujer_divorciada_separada_casada,ninguno,2,seguro_vida_o_similar,46,ninguno,propia,2,no_cualificado_residente,1,no,si,0
0_a_200_DM,9,pagados_hasta_ahora,coche_nuevo,3195,desconocido_sin_cuenta_ahorro,1_a_4_anios,1,mujer_divorciada_separada_casada,ninguno,2,inmueble,33,ninguno,propia,1,no_cualificado_residente,1,no,si,0
sin_cuenta_corriente,36,retraso_en_pagos_previos,radio_tv,4454,menos_de_100_DM,1_a_4_anios,4,mujer_divorciada_separada_casada,ninguno,4,inmueble,34,ninguno,propia,2,empleado_cualificado,1,no,si,0
0_a_200_DM,24,cuenta_critica_otros_bancos,mobiliario,4736,menos_de_100_DM,menos_de_1_anio,2,mujer_divorciada_separada_casada,ninguno,4,coche_u_otro,25,banco,propia,1,no_cualificado_residente,1,no,si,1
0_a_200_DM,30,pagados_hasta_ahora,radio_tv,2991,desconocido_sin_cuenta_ahorro,7_anios_o_mas,2,mujer_divorciada_separada_casada,ninguno,4,coche_u_otro,25,ninguno,propia,1,empleado_cualificado,1,no,si,0
sin_cuenta_corriente,11,pagados_hasta_ahora,negocio,2142,1000_DM_o_mas,7_anios_o_mas,1,hombre_divorciado_separado,ninguno,2,inmueble,28,ninguno,propia,1,empleado_cualificado,1,si,si,0
menos_de_0_DM,24,todos_pagados_en_este_banco,negocio,3161,menos_de_100_DM,1_a_4_anios,4,hombre_soltero,ninguno,2,seguro_vida_o_similar,31,ninguno,alquiler,1,empleado_cualificado,1,si,si,1
0_a_200_DM,48,sin_creditos_previos,otros,18424,menos_de_100_DM,1_a_4_anios,1,mujer_divorciada_separada_casada,ninguno,2,seguro_vida_o_similar,32,banco,propia,1,directivo_autonomo_alta_cualificacion,1,si,no,1
sin_cuenta_corriente,10,pagados_hasta_ahora,coche_usado,2848,100_a_500_DM,1_a_4_anios,1,hombre_soltero,codeudor,2,inmueble,32,ninguno,propia,1,empleado_cualificado,2,no,si,0
menos_de_0_DM,6,pagados_hasta_ahora,coche_nuevo,14896,menos_de_100_DM,7_anios_o_mas,1,hombre_soltero,ninguno,4,desconocido_sin_propiedad,68,banco,propia,1,directivo_autonomo_alta_cualificacion,1,si,si,1
menos_de_0_DM,24,pagados_hasta_ahora,mobiliario,2359,100_a_500_DM,desempleado,1,hombre_divorciado_separado,ninguno,1,seguro_vida_o_similar,33,ninguno,propia,1,empleado_cualificado,1,no,si,1
menos_de_0_DM,24,pagados_hasta_ahora,mobiliario,3345,menos_de_100_DM,7_anios_o_mas,4,hombre_soltero,ninguno,2,seguro_vida_o_similar,39,ninguno,alquiler,1,directivo_autonomo_alta_cualificacion,1,si,si,1
sin_cuenta_corriente,18,cuenta_critica_otros_bancos,mobiliario,1817,menos_de_100_DM,1_a_4_anios,4,mujer_divorciada_separada_casada,ninguno,2,desconocido_sin_propiedad,28,ninguno,propia,2,empleado_cualificado,1,no,si,0
sin_cuenta_corriente,48,retraso_en_pagos_previos,radio_tv,12749,500_a_1000_DM,4_a_7_anios,4,hombre_soltero,ninguno,1,coche_u_otro,37,ninguno,propia,1,directivo_autonomo_alta_cualificacion,1,si,si,0
menos_de_0_DM,9,pagados_hasta_ahora,radio_tv,1366,menos_de_100_DM,menos_de_1_anio,3,mujer_divorciada_separada_casada,ninguno,4,seguro_vida_o_similar,22,ninguno,alquiler,1,empleado_cualificado,1,no,si,1
0_a_200_DM,12,pagados_hasta_ahora,coche_nuevo,2002,menos_de_100_DM,4_a_7_anios,3,hombre_soltero,ninguno,4,seguro_vida_o_similar,30,ninguno,alquiler,1,empleado_cualificado,2,si,si,0
menos_de_0_DM,24,todos_pagados_en_este_banco,mobiliario,6872,menos_de_100_DM,menos_de_1_anio,2,hombre_divorciado_separado,ninguno,1,seguro_vida_o_similar,55,banco,propia,1,empleado_cualificado,1,si,si,1
menos_de_0_DM,12,todos_pagados_en_este_banco,coche_nuevo,697,menos_de_100_DM,menos_de_1_anio,4,hombre_soltero,ninguno,2,coche_u_otro,46,banco,propia,2,empleado_cualificado,1,si,si,1
menos_de_0_DM,18,cuenta_critica_otros_bancos,mobiliario,1049,menos_de_100_DM,menos_de_1_anio,4,mujer_divorciada_separada_casada,ninguno,4,seguro_vida_o_similar,21,ninguno,alquiler,1,empleado_cualificado,1,no,si,0
menos_de_0_DM,48,pagados_hasta_ahora,coche_usado,10297,menos_de_100_DM,4_a_7_anios,4,hombre_soltero,ninguno,4,d,39,tiendas,gratuita,3,empleado_cualificado,2,si,si,1
sin_cuenta_corriente,30,pagados_hasta_ahora,radio_tv,1867,desconocido_sin_cuenta_ahorro,7_anios_o_mas,4,hombre_soltero,ninguno,4,coche_u_otro,58,ninguno,propia,1,empleado_cualificado,1,si,si,0
menos_de_0_DM,12,retraso_en_pagos_previos,coche_nuevo,1344,menos_de_100_DM,1_a_4_anios,4,hombre_soltero,ninguno,2,inmueble,43,ninguno,propia,2,no_cualificado_residente,2,no,si,0
menos_de_0_DM,24,pagados_hasta_ahora,mobiliario,1747,menos_de_100_DM,menos_de_1_anio,4,hombre_soltero,codeudor,1,seguro_vida_o_similar,24,ninguno,propia,1,no_cualificado_residente,1,no,no,0
0_a_200_DM,9,pagados_hasta_ahora,radio_tv,1670,menos_de_100_DM,menos_de_1_anio,4,mujer_divorciada_separada_casada,ninguno,2,coche_u_otro,22,ninguno,propia,1,empleado_cualificado,1,si,si,1
sin_cuenta_corriente,9,cuenta_critica_otros_bancos,coche_nuevo,1224,menos_de_100_DM,1_a_4_anios,3,hombre_soltero,ninguno,1,inmueble,30,ninguno,propia,2,empleado_cualificado,1,no,si,0
sin_cuenta_corriente,12,cuenta_critica_otros_bancos,radio_tv,522,500_a_1000_DM,7_anios_o_mas,4,hombre_soltero,ninguno,4,seguro_vida_o_similar,42,ninguno,propia,2,empleado_cualificado,2,si,si,0
menos_de_0_DM,12,pagados_hasta_ahora,radio_tv,1498,menos_de_100_DM,1_a_4_anios,4,mujer_divorciada_separada_casada,ninguno,1,coche_u_otro,23,banco,propia,1,empleado_cualificado,1,no,si,0
0_a_200_DM,30,retraso_en_pagos_previos,radio_tv,1919,100_a_500_DM,menos_de_1_anio,4,hombre_soltero,ninguno,3,desconocido_sin_propiedad,30,tiendas,propia,2,directivo_autonomo_alta_cualificacion,1,no,si,1
200_DM_o_mas,9,pagados_hasta_ahora,radio_tv,745,menos_de_100_DM,1_a_4_anios,3,mujer_divorciada_separada_casada,ninguno,2,inmueble,28,ninguno,propia,1,no_cualificado_residente,1,no,si,1
0_a_200_DM,6,pagados_hasta_ahora,radio_tv,2063,menos_de_100_DM,menos_de_1_anio,4,hombre_casado_viudo,ninguno,3,coche_u_otro,30,ninguno,alquiler,1,directivo_autonomo_alta_cualificacion,1,si,si,0
0_a_200_DM,60,pagados_hasta_ahora,educacion,6288,menos_de_100_DM,1_a_4_anios,4,hombre_soltero,ninguno,4,desconocido_sin_propiedad,42,ninguno,gratuita,1,empleado_cualificado,1,no,si,1
sin_cuenta_corriente,24,cuenta_critica_otros_bancos,coche_usado,6842,desconocido_sin_cuenta_ahorro,1_a_4_anios,2,hombre_soltero,ninguno,4,seguro_vida_o_similar,46,ninguno,propia,2,directivo_autonomo_alta_cualificacion,2,si,si,0
sin_cuenta_corriente,12,pagados_hasta_ahora,coche_nuevo,3527,desconocido_sin_cuenta_ahorro,menos_de_1_anio,2,hombre_soltero,ninguno,3,seguro_vida_o_similar,45,ninguno,propia,1,directivo_autonomo_alta_cualificacion,2,si,si,0
sin_cuenta_corriente,10,pagados_hasta_ahora,coche_nuevo,1546,menos_de_100_DM,1_a_4_anios,3,hombre_soltero,ninguno,2,inmueble,31,ninguno,propia,1,no_cualificado_residente,2,no,no,0
sin_cuenta_corriente,24,pagados_hasta_ahora,mobiliario,929,desconocido_sin_cuenta_ahorro,4_a_7_anios,4,hombre_soltero,ninguno,2,coche_u_otro,31,tiendas,propia,1,empleado_cualificado,1,si,si,0
sin_cuenta_corriente,4,cuenta_critica_otros_bancos,coche_nuevo,1455,menos_de_100_DM,4_a_7_anios,2,hombre_soltero,ninguno,1,inmueble,42,ninguno,propia,3,no_cualificado_residente,2,no,si,0
menos_de_0_DM,15,pagados_hasta_ahora,mobiliario,1845,menos_de_100_DM,menos_de_1_anio,4,mujer_divorciada_separada_casada,avalista,1,seguro_vida_o_similar,46,ninguno,alquiler,1,empleado_cualificado,1,no,si,0
0_a_200_DM,48,sin_creditos_previos,coche_nuevo,8358,500_a_1000_DM,menos_de_1_anio,1,mujer_divorciada_separada_casada,ninguno,1,coche_u_otro,30,ninguno,propia,2,empleado_cualificado,1,no,si,0
menos_de_0_DM,24,todos_pagados_en_este_banco,mobiliario,3349,500_a_1000_DM,menos_de_1_anio,4,hombre_soltero,ninguno,4,desconocido_sin_propiedad,30,ninguno,gratuita,1,empleado_cualificado,2,si,si,1
sin_cuenta_corriente,12,pagados_hasta_ahora,coche_nuevo,2859,desconocido_sin_cuenta_ahorro,desempleado,4,hombre_soltero,ninguno,4,desconocido_sin_propiedad,38,ninguno,propia,1,directivo_autonomo_alta_cualificacion,1,si,si,0
sin_cuenta_corriente,18,pagados_hasta_ahora,mobiliario,1533,menos_de_100_DM,menos_de_1_anio,4,hombre_casado_viudo,codeudor,1,seguro_vida_o_similar,43,ninguno,propia,1,no_cualificado_residente,2,no,si,1
sin_cuenta_corriente,24,pagados_hasta_ahora,radio_tv,3621,100_a_500_DM,7_anios_o_mas,2,hombre_soltero,ninguno,4,coche_u_otro,31,ninguno,propia,2,empleado_cualificado,1,no,si,1
0_a_200_DM,18,cuenta_critica_otros_bancos,negocio,3590,menos_de_100_DM,desempleado,3,hombre_casado_viudo,ninguno,3,coche_u_otro,40,ninguno,propia,3,no_cualificado_no_residente,2,si,si,0
menos_de_0_DM,36,retraso_en_pagos_previos,negocio,2145,menos_de_100_DM,4_a_7_anios,2,hombre_soltero,ninguno,1,coche_u_otro,24,ninguno,propia,2,empleado_cualificado,1,si,si,1
0_a_200_DM,24,pagados_hasta_ahora,coche_usado,4113,500_a_1000_DM,menos_de_1_anio,3,mujer_divorciada_separada_casada,ninguno,4,coche_u_otro,28,ninguno,alquiler,1,empleado_cualificado,1,no,si,1
sin_cuenta_corriente,36,pagados_hasta_ahora,mobiliario,10974,menos_de_100_DM,desempleado,4,mujer_divorciada_separada_casada,ninguno,2,coche_u_otro,26,ninguno,propia,2,directivo_autonomo_alta_cualificacion,1,si,si,1
menos_de_0_DM,12,pagados_hasta_ahora,coche_nuevo,1893,menos_de_100_DM,1_a_4_anios,4,mujer_divorciada_separada_casada,avalista,4,seguro_vida_o_similar,29,ninguno,propia,1,empleado_cualificado,1,si,si,0
menos_de_0_DM,24,cuenta_critica_otros_bancos,radio_tv,1231,1000_DM_o_mas,7_anios_o_mas,4,mujer_divorciada_separada_casada,ninguno,4,seguro_vida_o_similar,57,ninguno,alquiler,2,directivo_autonomo_alta_cualificacion,1,si,si,0
200_DM_o_mas,30,cuenta_critica_otros_bancos,radio_tv,3656,desconocido_sin_cuenta_ahorro,7_anios_o_mas,4,hombre_soltero,ninguno,4,seguro_vida_o_similar,49,tiendas,propia,2,no_cualificado_residente,1,no,si,0
0_a_200_DM,9,cuenta_critica_otros_bancos,radio_tv,1154,menos_de_100_DM,7_anios_o_mas,2,hombre_soltero,ninguno,4,inmueble,37,ninguno,propia,3,no_cualificado_residente,1,no,si,0
menos_de_0_DM,28,pagados_hasta_ahora,coche_nuevo,4006,menos_de_100_DM,1_a_4_anios,3,hombre_soltero,ninguno,2,coche_u_otro,45,ninguno,propia,1,no_cualificado_residente,1,no,si,1
0_a_200_DM,24,pagados_hasta_ahora,mobiliario,3069,100_a_500_DM,7_anios_o_mas,4,hombre_soltero,ninguno,4,desconocido_sin_propiedad,30,ninguno,gratuita,1,empleado_cualificado,1,no,si,0
sin_cuenta_corriente,6,cuenta_critica_otros_bancos,radio_tv,1740,menos_de_100_DM,7_anios_o_mas,2,hombre_casado_viudo,ninguno,2,inmueble,30,ninguno,alquiler,2,empleado_cualificado,1,no,si,0
0_a_200_DM,21,retraso_en_pagos_previos,coche_nuevo,2353,menos_de_100_DM,1_a_4_anios,1,hombre_divorciado_separado,ninguno,4,seguro_vida_o_similar,47,ninguno,propia,2,empleado_cualificado,1,no,si,0
sin_cuenta_corriente,15,pagados_hasta_ahora,coche_nuevo,3556,desconocido_sin_cuenta_ahorro,1_a_4_anios,3,hombre_soltero,ninguno,2,desconocido_sin_propiedad,29,ninguno,propia,1,empleado_cualificado,1,no,si,0
sin_cuenta_corriente,24,pagados_hasta_ahora,radio_tv,2397,500_a_1000_DM,7_anios_o_mas,3,hombre_soltero,ninguno,2,coche_u_otro,35,banco,propia,2,empleado_cualificado,1,si,si,1
0_a_200_DM,6,pagados_hasta_ahora,reparaciones,454,menos_de_100_DM,menos_de_1_anio,3,hombre_casado_viudo,ninguno,1,seguro_vida_o_similar,22,ninguno,propia,1,no_cualificado_residente,1,no,si,0
0_a_200_DM,30,pagados_hasta_ahora,radio_tv,1715,desconocido_sin_cuenta_ahorro,1_a_4_anios,4,mujer_divorciada_separada_casada,ninguno,1,coche_u_otro,26,ninguno,propia,1,empleado_cualificado,1,no,si,0
0_a_200_DM,27,cuenta_critica_otros_bancos,radio_tv,2520,500_a_1000_DM,1_a_4_anios,4,hombre_soltero,ninguno,2,seguro_vida_o_similar,23,ninguno,propia,2,no_cualificado_residente,1,no,si,1
sin_cuenta_corriente,15,pagados_hasta_ahora,radio_tv,3568,menos_de_100_DM,7_anios_o_mas,4,mujer_divorciada_separada_casada,ninguno,2,coche_u_otro,54,banco,alquiler,1,directivo_autonomo_alta_cualificacion,1,si,si,0
sin_cuenta_corriente,42,pagados_hasta_ahora,radio_tv,,desconocido_sin_cuenta_ahorro,4_a_7_anios,2,hombre_casado_viudo,ninguno,4,seguro_vida_o_similar,29,ninguno,alquiler,1,empleado_cualificado,1,si,si,0
menos_de_0_DM,11,cuenta_critica_otros_bancos,coche_nuevo,3939,menos_de_100_DM,1_a_4_anios,1,hombre_soltero,ninguno,2,inmueble,40,ninguno,propia,2,no_cualificado_residente,2,no,si,0
0_a_200_DM,15,pagados_hasta_ahora,reparaciones,1514,100_a_500_DM,1_a_4_anios,4,hombre_soltero,,2,inmueble,22,ninguno,propia,1,empleado_cualificado,1,no,si,0
sin_cuenta_corriente,24,pagados_hasta_ahora,coche_nuevo,7393,menos_de_100_DM,1_a_4_anios,1,hombre_soltero,ninguno,4,seguro_vida_o_similar,43,ninguno,propia,1,no_cualificado_residente,2,no,si,0
menos_de_0_DM,24,todos_pagados_en_este_banco,coche_nuevo,1193,menos_de_100_DM,desempleado,1,mujer_divorciada_separada_casada,codeudor,4,desconocido_sin_propiedad,29,ninguno,alquiler,2,no_cualificado_no_residente,1,no,si,1
menos_de_0_DM,60,pagados_hasta_ahora,negocio,7297,menos_de_100_DM,7_anios_o_mas,4,hombre_soltero,codeudor,4,desconocido_sin_propiedad,36,ninguno,alquiler,1,empleado_cualificado,1,no,si,1
sin_cuenta_corriente,30,cuenta_critica_otros_bancos,radio_tv,2831,menos_de_100_DM,1_a_4_anios,4,mujer_divorciada_separada_casada,ninguno,2,coche_u_otro,33,ninguno,propia,1,empleado_cualificado,1,si,si,0
200_DM_o_mas,24,pagados_hasta_ahora,radio_tv,1258,500_a_1000_DM,1_a_4_anios,3,mujer_divorciada_separada_casada,ninguno,3,coche_u_otro,57,ninguno,propia,1,no_cualificado_residente,1,no,si,0
0_a_200_DM,6,pagados_hasta_ahora,radio_tv,753,menos_de_100_DM,1_a_4_anios,2,mujer_divorciada_separada_casada,avalista,3,inmueble,64,ninguno,propia,1,empleado_cualificado,1,no,si,0
0_a_200_DM,18,retraso_en_pagos_previos,negocio,2427,desconocido_sin_cuenta_ahorro,7_anios_o_mas,4,hombre_soltero,ninguno,2,seguro_vida_o_similar,42,ninguno,propia,2,empleado_cualificado,1,no,si,0
sin_cuenta_corriente,24,retraso_en_pagos_previos,coche_nuevo,2538,menos_de_100_DM,7_anios_o_mas,4,hombre_soltero,ninguno,4,coche_u_otro,47,ninguno,propia,2,no_cualificado_residente,2,no,si,1
0_a_200_DM,15,todos_pagados_en_este_banco,coche_nuevo,1264,100_a_500_DM,1_a_4_anios,2,hombre_casado_viudo,ninguno,2,seguro_vida_o_similar,25,ninguno,alquiler,1,empleado_cualificado,1,no,si,1
0_a_200_DM,30,cuenta_critica_otros_bancos,mobiliario,8386,menos_de_100_DM,4_a_7_anios,2,hombre_soltero,ninguno,2,seguro_vida_o_similar,49,ninguno,propia,1,empleado_cualificado,1,no,si,1
sin_cuenta_corriente,48,pagados_hasta_ahora,negocio,4844,menos_de_100_DM,desempleado,3,hombre_soltero,ninguno,2,coche_u_otro,33,banco,alquiler,1,directivo_autonomo_alta_cualificacion,1,si,si,1
200_DM_o_mas,21,pagados_hasta_ahora,coche_nuevo,2923,100_a_500_DM,1_a_4_anios,1,mujer_divorciada_separada_casada,ninguno,1,coche_u_otro,28,banco,propia,1,directivo_autonomo_alta_cualificacion,1,si,si,0
menos_de_0_DM,36,pagados_hasta_ahora,coche_usado,8229,menos_de_100_DM,1_a_4_anios,2,hombre_soltero,ninguno,2,seguro_vida_o_similar,26,ninguno,propia,1,empleado_cualificado,2,no,si,1
sin_cuenta_corriente,24,cuenta_critica_otros_bancos,mobiliario,2028,menos_de_100_DM,4_a_7_anios,2,hombre_soltero,ninguno,2,seguro_vida_o_similar,30,ninguno,propia,2,no_cualificado_residente,1,no,si,0
menos_de_0_DM,15,cuenta_critica_otros_bancos,mobiliario,1433,menos_de_100_DM,1_a_4_anios,4,mujer_divorciada_separada_casada,ninguno,3,seguro_vida_o_similar,25,ninguno,alquiler,2,empleado_cualificado,1,no,si,0
200_DM_o_mas,42,sin_creditos_previos,negocio,6289,menos_de_100_DM,menos_de_1_anio,2,hombre_divorciado_separado,ninguno,1,seguro_vida_o_similar,33,ninguno,propia,2,empleado_cualificado,1,no,si,0
sin_cuenta_corriente,13,pagados_hasta_ahora,radio_tv,1409,100_a_500_DM,desempleado,2,mujer_divorciada_separada_casada,ninguno,4,inmueble,64,ninguno,propia,1,empleado_cualificado,1,no,si,0
menos_de_0_DM,24,pagados_hasta_ahora,coche_usado,6579,menos_de_100_DM,desempleado,4,hombre_soltero,ninguno,2,desconocido_sin_propiedad,29,ninguno,gratuita,1,directivo_autonomo_alta_cualificacion,1,si,si,0
0_a_200_DM,24,cuenta_critica_otros_bancos,radio_tv,1743,menos_de_100_DM,7_anios_o_mas,4,hombre_soltero,ninguno,2,seguro_vida_o_similar,48,ninguno,propia,2,no_cualificado_residente,1,no,si,0
sin_cuenta_corriente,12,cuenta_critica_otros_bancos,educacion,3565,desconocido_sin_cuenta_ahorro,menos_de_1_anio,2,hombre_soltero,ninguno,1,seguro_vida_o_similar,37,ninguno,propia,2,no_cualificado_residente,2,no,si,0
sin_cuenta_corriente,15,todos_pagados_en_este_banco,radio_tv,1569,100_a_500_DM,7_anios_o_mas,4,hombre_soltero,ninguno,4,coche_u_otro,34,banco,propia,1,no_cualificado_residente,2,no,si,0
menos_de_0_DM,18,pagados_hasta_ahora,radio_tv,1936,desconocido_sin_cuenta_ahorro,4_a_7_anios,2,hombre_casado_viudo,ninguno,4,coche_u_otro,23,ninguno,alquiler,2,no_cualificado_residente,1,no,si,0
menos_de_0_DM,36,pagados_hasta_ahora,mobiliario,3959,menos_de_100_DM,desempleado,4,hombre_soltero,ninguno,3,seguro_vida_o_similar,30,ninguno,propia,1,directivo_autonomo_alta_cualificacion,1,si,si,0
sin_cuenta_corriente,12,pagados_hasta_ahora,coche_nuevo,2390,desconocido_sin_cuenta_ahorro,7_anios_o_mas,4,hombre_soltero,ninguno,3,coche_u_otro,50,ninguno,propia,1,empleado_cualificado,1,si,si,0
sin_cuenta_corriente,12,pagados_hasta_ahora,mobiliario,1736,menos_de_100_DM,4_a_7_anios,3,mujer_divorciada_separada_casada,ninguno,4,inmueble,31,ninguno,propia,1,no_cualificado_residente,1,no,si,0
menos_de_0_DM,30,pagados_hasta_ahora,coche_usado,,menos_de_100_DM,1_a_4_anios,4,hombre_divorciado_separado,ninguno,4,seguro_vida_o_similar,40,ninguno,propia,1,directivo_autonomo_alta_cualificacion,1,si,si,0
sin_cuenta_corriente,12,pagados_hasta_ahora,radio_tv,804,menos_de_100_DM,7_anios_o_mas,4,hombre_soltero,ninguno,4,coche_u_otro,38,ninguno,propia,1,empleado_cualificado,1,no,si,0
menos_de_0_DM,45,pagados_hasta_ahora,radio_tv,1845,menos_de_100_DM,1_a_4_anios,4,hombre_soltero,ninguno,4,desconocido_sin_propiedad,23,ninguno,gratuita,1,empleado_cualificado,1,si,si,1
0_a_200_DM,45,cuenta_critica_otros_bancos,coche_usado,4576,100_a_500_DM,desempleado,3,hombre_soltero,ninguno,4,coche_u_otro,27,ninguno,propia,1,empleado_cualificado,1,no,si,0
